D1,D2,D3,D4
1.8297477243211807e-16,-0.4636182185829704,0.0,9.107541341310574e-31
9.274360807277533e-19,-5.9678637499264426e-18,1.4331690259162477e-17,-0.021569471602226015
1.0163513111283206e-18,-2.2793787907679533e-18,1.4331690259162477e-17,-0.02156947160222605
4.392608894702519e-18,-5.053988653147466e-18,1.4331690259162477e-17,-0.02156947160222605
2.9548670038521013e-18,-7.860391555521958e-18,1.4331690259162477e-17,-0.02156947160222605
1.7082811288210084e-18,-4.901639750402305e-18,1.4331690259162477e-17,-0.02156947160222605
-3.762282064034217e-18,6.033978507938955e-18,1.4331690259162477e-17,-0.02156947160222605
-2.758452066963497e-18,3.26767962769734e-18,1.4331690259162477e-17,-0.02156947160222605
1.4286901716163647e-18,-4.2705160372944135e-18,1.4331690259162477e-17,-0.02156947160222605
-1.9511196417179438e-18,3.405252963041869e-18,1.4331690259162477e-17,-0.02156947160222605
-4.65704998997873e-18,6.728196979338765e-18,1.4331690259162477e-17,-0.02156947160222605
1.0659156521490882e-18,-2.9783751020332614e-18,1.4331690259162477e-17,-0.02156947160222605
3.2409528565883324e-18,-6.428574422894154e-18,1.4331690259162477e-17,-0.02156947160222605
-3.887079799677642e-18,7.018041458804287e-18,1.4331690259162477e-17,-0.02156947160222605
5.551769289808625e-19,-8.645644311284416e-19,1.4331690259162477e-17,-0.02156947160222605
2.6520266420232883e-19,-7.590545488703405e-19,1.4331690259162477e-17,-0.02156947160222605
-1.3322848103934862e-18,3.171250138315256e-18,1.4331690259162477e-17,-0.02156947160222605
2.5091409678154383e-19,-4.1201868782840633e-19,1.4331690259162477e-17,-0.02156947160222605
2.2025320365855663e-18,-2.028567840051948e-18,1.4331690259162477e-17,-0.02156947160222605
2.7489595441796476e-18,-8.397833071299844e-18,1.4331690259162477e-17,-0.02156947160222605
-8.513280519314948e-19,1.1900864739830185e-18,1.4331690259162477e-17,-0.02156947160222605
4.290145325698124e-19,-1.0661302354030938e-18,1.4331690259162477e-17,-0.02156947160222605
9.861514059130796e-19,-1.1513736347231466e-18,1.4331690259162477e-17,-0.02156947160222605
1.0962205512718595e-18,-6.614264366136323e-18,1.4331690259162477e-17,-0.02156947160222605
-4.3199158002762743e-19,8.94132168801092e-19,1.4331690259162477e-17,-0.02156947160222605
-9.855890358102192e-19,8.218856126133885e-18,1.4331690259162477e-17,-0.02156947160222605
-1.183105304466026e-18,3.856449287376981e-18,1.4331690259162477e-17,-0.02156947160222605
1.1933278044281882e-18,-7.437281084065668e-18,1.4331690259162477e-17,-0.02156947160222605
-1.9248631809028266e-18,6.430257806017535e-18,1.4331690259162477e-17,-0.02156947160222605
2.577314794043911e-19,-8.224703308486202e-19,1.4331690259162477e-17,-0.02156947160222605
8.652480849663094e-19,-2.1091573944443976e-18,1.4331690259162477e-17,-0.02156947160222605
3.99587216207987e-18,-7.785318441723716e-18,1.4331690259162477e-17,-0.02156947160222605
2.0260603334324204e-18,-3.6246074579348275e-18,1.4331690259162477e-17,-0.02156947160222605
-1.1991068540833663e-18,1.5423639372562758e-18,1.4331690259162477e-17,-0.02156947160222605
-3.183144590344989e-19,6.626003100651796e-19,1.4331690259162477e-17,-0.02156947160222605
-1.7921655241036972e-18,3.9011390248290675e-18,1.4331690259162477e-17,-0.02156947160222605
1.770147826283071e-18,-4.641620777930709e-18,1.4331690259162477e-17,-0.02156947160222605
1.787586714368394e-18,-6.0960932160436665e-18,1.4331690259162477e-17,-0.02156947160222605
1.8291341351674517e-18,-3.9303312861337664e-18,1.4331690259162477e-17,-0.02156947160222605
-7.76475268553998e-19,1.990384025256568e-18,1.4331690259162477e-17,-0.02156947160222605
4.569340246179139e-18,-6.7311311350329595e-18,1.4331690259162477e-17,-0.02156947160222605
-1.1281695340195695e-18,1.771873305412811e-18,1.4331690259162477e-17,-0.02156947160222605
4.0010519177091725e-18,-3.08061526371762e-18,1.4331690259162477e-17,-0.02156947160222605
-9.256961220098582e-19,4.145511909250512e-18,1.4331690259162477e-17,-0.02156947160222605
-1.1334526287027007e-18,2.2350870248666036e-18,1.4331690259162477e-17,-0.02156947160222605
-3.243289189235659e-18,7.357438041614405e-18,1.4331690259162477e-17,-0.02156947160222605
-6.023347482040674e-19,8.391176734739791e-19,1.4331690259162477e-17,-0.02156947160222605
2.0265630163269503e-19,-5.239357860132841e-18,1.4331690259162477e-17,-0.02156947160222605
3.490378880316853e-19,-3.593046377293167e-18,1.4331690259162477e-17,-0.02156947160222605
2.7718924024521946e-18,-4.792075979959738e-18,1.4331690259162477e-17,-0.02156947160222605
6.311544338206405e-19,-4.134156128933576e-18,1.4331690259162477e-17,-0.02156947160222605
2.7909455951555482e-18,-6.8103639001441934e-18,1.4331690259162477e-17,-0.02156947160222605
-3.4212223786637697e-18,4.86314510310622e-18,1.4331690259162477e-17,-0.02156947160222605
-2.6898580883809247e-18,3.6928479789082835e-18,1.4331690259162477e-17,-0.02156947160222605
-1.1779688580665832e-18,2.296376460131102e-18,1.4331690259162477e-17,-0.02156947160222605
-2.0827314172889003e-18,4.9784232414300195e-18,1.4331690259162477e-17,-0.02156947160222605
2.118715544868687e-18,-4.7916624496964704e-18,1.4331690259162477e-17,-0.02156947160222605
-1.3463345517302879e-18,2.7911662426374808e-18,1.4331690259162477e-17,-0.02156947160222605
-2.6235082546085583e-18,5.736457651260747e-18,1.4331690259162477e-17,-0.02156947160222605
-1.586022172857828e-18,1.9489805277896342e-18,1.4331690259162477e-17,-0.02156947160222605
1.2441089982250986e-18,-2.918636525532878e-18,1.4331690259162477e-17,-0.02156947160222605
2.857378104664796e-18,-6.486747021941059e-18,1.4331690259162477e-17,-0.02156947160222605
1.4205525546704528e-19,-1.319128689323241e-18,1.4331690259162477e-17,-0.02156947160222605
3.237440607947187e-18,-5.064884870865877e-18,1.4331690259162477e-17,-0.02156947160222605
-3.2007422804219243e-18,8.884263185604828e-18,1.4331690259162477e-17,-0.02156947160222605
-2.0637091387988378e-18,2.554062845938405e-18,1.4331690259162477e-17,-0.02156947160222605
2.272547801130622e-18,-2.851667529337151e-18,1.4331690259162477e-17,-0.02156947160222605
-5.1983983931307875e-18,9.051425246887837e-18,1.4331690259162477e-17,-0.02156947160222605
-1.906862294545502e-18,2.0706826145344315e-18,1.4331690259162477e-17,-0.02156947160222605
-1.1029006815469762e-18,7.34510370945151e-18,1.4331690259162477e-17,-0.02156947160222605
4.2786020531365703e-19,-3.0013039691291055e-18,1.4331690259162477e-17,-0.02156947160222605
-4.396024323359087e-19,4.006836719228681e-18,1.4331690259162477e-17,-0.02156947160222605
3.1214465350753127e-20,-5.902859953356569e-20,1.4331690259162477e-17,-0.02156947160222605
-2.8279068358403285e-18,7.35160986887625e-18,1.4331690259162477e-17,-0.02156947160222605
3.0544325798295193e-18,-7.36615152530118e-18,1.4331690259162477e-17,-0.02156947160222605
-2.757667382384513e-18,2.771296283664154e-18,1.4331690259162477e-17,-0.02156947160222605
3.01638556851025e-18,-8.5217514147303e-18,1.4331690259162477e-17,-0.02156947160222605
2.89855456792729e-19,-1.5101070828244534e-18,1.4331690259162477e-17,-0.02156947160222605
-1.5337783497453252e-20,2.122170723081527e-20,1.4331690259162477e-17,-0.02156947160222605
-4.2580953359790934e-18,4.326833421376664e-18,1.4331690259162477e-17,-0.02156947160222605
8.446005409550805e-19,-3.0713230058441315e-18,1.4331690259162477e-17,-0.02156947160222605
-1.7241001266399275e-18,7.480527794432103e-18,1.4331690259162477e-17,-0.02156947160222605
-2.749521323788532e-19,-4.335668101823179e-18,1.4331690259162477e-17,-0.02156947160222605
6.616279072106311e-19,-2.1998237565106023e-18,1.4331690259162477e-17,-0.02156947160222605
-1.6898684747884102e-18,4.596081660725642e-18,1.4331690259162477e-17,-0.02156947160222605
-2.675530866716305e-18,7.350135136916674e-18,1.4331690259162477e-17,-0.02156947160222605
1.5163724579991522e-18,-1.8774252411016676e-18,1.4331690259162477e-17,-0.02156947160222605
-7.3959111455393355e-19,3.809387770051682e-18,1.4331690259162477e-17,-0.02156947160222605
-5.163902713031681e-19,1.9148129765325716e-18,1.4331690259162477e-17,-0.02156947160222605
-6.867221627817328e-19,1.0186277105787821e-18,1.4331690259162477e-17,-0.02156947160222605
-6.514654036513197e-20,6.105781057972769e-20,1.4331690259162477e-17,-0.02156947160222605
-5.482510538861589e-18,7.747084097097946e-18,1.4331690259162477e-17,-0.02156947160222605
-3.821834087959297e-18,7.884383479326126e-18,1.4331690259162477e-17,-0.02156947160222605
1.2679159974467052e-18,-1.5120474933909914e-18,1.4331690259162477e-17,-0.02156947160222605
-1.4533529420293177e-18,2.3144566929260505e-18,1.4331690259162477e-17,-0.02156947160222605
2.641800680035362e-18,-3.681772612648302e-18,1.4331690259162477e-17,-0.02156947160222605
-2.323067728995012e-18,4.3676231238456726e-18,1.4331690259162477e-17,-0.02156947160222605
-2.9561225569476294e-18,5.88238811817753e-18,1.4331690259162477e-17,-0.02156947160222605
-8.000630380124956e-20,1.6802539478626229e-19,1.4331690259162477e-17,-0.02156947160222605
-2.3186308281975357e-18,4.951390730193922e-18,1.4331690259162477e-17,-0.02156947160222605
1.9177299721445836e-18,-4.70283150808025e-18,1.4331690259162477e-17,-0.02156947160222605
-1.3324520918108579e-18,2.8516359579665686e-18,1.4331690259162477e-17,-0.02156947160222605
-3.919506168731888e-19,6.707962916733211e-19,1.4331690259162477e-17,-0.02156947160222605
3.1330438002291335e-18,-3.6713092137644605e-18,1.4331690259162477e-17,-0.02156947160222605
-4.056329446583457e-19,6.650016303959051e-19,1.4331690259162477e-17,-0.02156947160222605
-3.133477529156947e-19,9.918947541928606e-19,1.4331690259162477e-17,-0.02156947160222605
-9.792762454332706e-19,2.4220631564099943e-18,1.4331690259162477e-17,-0.02156947160222605
2.8078050211497426e-18,-4.892003467720867e-18,1.4331690259162477e-17,-0.02156947160222605
2.0812060947523218e-19,-4.776465958737102e-19,1.4331690259162477e-17,-0.02156947160222605
-7.892918484793747e-19,1.976346722444932e-18,1.4331690259162477e-17,-0.02156947160222605
4.2125157707271995e-18,-5.2903821620723854e-18,1.4331690259162477e-17,-0.02156947160222605
2.062798313218418e-18,-6.9254122160272844e-18,1.4331690259162477e-17,-0.02156947160222605
8.86179042240415e-19,-2.0900085064220166e-18,1.4331690259162477e-17,-0.02156947160222605
-2.9237511624530916e-18,6.302572659698194e-18,1.4331690259162477e-17,-0.02156947160222605
-2.6676477822765588e-18,8.50219379485567e-18,1.4331690259162477e-17,-0.02156947160222605
-5.106421753759317e-19,1.4136805005711343e-18,1.4331690259162477e-17,-0.02156947160222605
1.3141994998207636e-19,-1.9949714118448253e-18,1.4331690259162477e-17,-0.02156947160222605
7.820147398041933e-20,-1.754597056868326e-19,1.4331690259162477e-17,-0.02156947160222605
1.990954121909732e-18,-6.906484710972282e-18,1.4331690259162477e-17,-0.02156947160222605
3.7451185735429e-18,-4.725768462240962e-18,1.4331690259162477e-17,-0.02156947160222605
2.10550836256358e-18,-6.5667660552806744e-18,1.4331690259162477e-17,-0.02156947160222605
4.79688346519665e-18,-7.420097856094014e-18,1.4331690259162477e-17,-0.02156947160222605
3.0403427808886275e-19,-7.261552956909464e-19,1.4331690259162477e-17,-0.02156947160222605
-2.3354806687225263e-18,6.2931882889650885e-18,1.4331690259162477e-17,-0.02156947160222605
-1.903764259916869e-18,5.9995546874359826e-18,1.4331690259162477e-17,-0.02156947160222605
2.169710278725211e-18,-5.528213833640199e-18,1.4331690259162477e-17,-0.02156947160222605
9.18186975586719e-19,-1.6512818143532661e-18,1.4331690259162477e-17,-0.02156947160222605
-3.2273198508487927e-19,4.7249129527084035e-19,1.4331690259162477e-17,-0.02156947160222605
2.0288093021292418e-18,-6.0388750416145985e-18,1.4331690259162477e-17,-0.02156947160222605
1.669958247176848e-18,-3.0740858855493967e-18,1.4331690259162477e-17,-0.02156947160222605
1.6487688380522545e-18,-4.400417572478681e-18,1.4331690259162477e-17,-0.02156947160222605
4.4685065161635485e-18,-6.285178987329749e-18,1.4331690259162477e-17,-0.02156947160222605
1.4458959006799308e-19,-2.3274722597751447e-19,1.4331690259162477e-17,-0.02156947160222605
-5.630234119794239e-18,5.7405848868564334e-18,1.4331690259162477e-17,-0.02156947160222605
3.3978072473108795e-19,-9.670196203675445e-19,1.4331690259162477e-17,-0.02156947160222605
8.234203830668596e-19,-1.5593445496744729e-18,1.4331690259162477e-17,-0.02156947160222605
-2.9390401737201283e-18,4.170362658353548e-18,1.4331690259162477e-17,-0.02156947160222605
1.9073042526927625e-18,-2.2432133198910473e-18,1.4331690259162477e-17,-0.02156947160222605
2.358283100933458e-19,-5.147196325666788e-19,1.4331690259162477e-17,-0.02156947160222605
5.219543096573496e-19,-1.5122759068119992e-18,1.4331690259162477e-17,-0.02156947160222605
4.2365898195775875e-19,-2.6652649323719473e-18,1.4331690259162477e-17,-0.02156947160222605
3.7758925307786853e-19,-3.833522817075972e-19,1.4331690259162477e-17,-0.02156947160222605
4.1961072211990445e-18,-6.491037026528042e-18,1.4331690259162477e-17,-0.02156947160222605
8.095143213192658e-19,-2.4940369092914684e-18,1.4331690259162477e-17,-0.02156947160222605
2.6509832121499774e-18,-4.3321503915901794e-18,1.4331690259162477e-17,-0.02156947160222605
-4.724837729453307e-18,6.214639367605971e-18,1.4331690259162477e-17,-0.02156947160222605
2.020371035036172e-18,-3.686305598403327e-18,1.4331690259162477e-17,-0.02156947160222605
-1.0503864660711255e-18,3.867960150339112e-18,1.4331690259162477e-17,-0.02156947160222605
-2.1453033067112987e-18,3.1961339910249533e-18,1.4331690259162477e-17,-0.02156947160222605
9.007929966122989e-19,-1.2930431213068804e-18,1.4331690259162477e-17,-0.02156947160222605
-9.104878031139176e-19,9.730292109194619e-19,1.4331690259162477e-17,-0.02156947160222605
5.5243028671284684e-18,-7.679633795540577e-18,1.4331690259162477e-17,-0.02156947160222605
1.7994453093726077e-18,-7.677464136283008e-18,1.4331690259162477e-17,-0.02156947160222605
-1.4519429177105374e-18,2.720086212018369e-18,1.4331690259162477e-17,-0.02156947160222605
3.0725123416326497e-18,-7.768250240431595e-18,1.4331690259162477e-17,-0.02156947160222605
3.948479405306009e-18,-6.255711273070051e-18,1.4331690259162477e-17,-0.02156947160222605
-2.8398694764206533e-18,3.89199134523156e-18,1.4331690259162477e-17,-0.02156947160222605
4.0733682256407794e-18,-6.2783348125036855e-18,1.4331690259162477e-17,-0.02156947160222605
-1.7323190668408318e-18,4.0300606669815935e-18,1.4331690259162477e-17,-0.02156947160222605
-6.65454244457789e-19,9.720152090748124e-19,1.4331690259162477e-17,-0.02156947160222605
2.7290478497620125e-18,-3.677967570039732e-18,1.4331690259162477e-17,-0.02156947160222605
1.5907611610192606e-18,-3.1245577710011734e-18,1.4331690259162477e-17,-0.02156947160222605
-3.625523117259808e-18,5.179056789670847e-18,1.4331690259162477e-17,-0.02156947160222605
-5.974702479363864e-19,3.850433587989559e-18,1.4331690259162477e-17,-0.02156947160222605
-4.9631517697039195e-20,1.1753880125718276e-19,1.4331690259162477e-17,-0.02156947160222605
1.2802169982558762e-18,-4.420793859994646e-18,1.4331690259162477e-17,-0.02156947160222605
1.4041902178975155e-18,-2.9495068643873983e-18,1.4331690259162477e-17,-0.02156947160222605
2.7460087598984466e-18,-3.20732121830308e-18,1.4331690259162477e-17,-0.02156947160222605
-1.3938717552175014e-18,3.379839835002848e-18,1.4331690259162477e-17,-0.02156947160222605
-4.0893927102088175e-18,7.949947413108668e-18,1.4331690259162477e-17,-0.02156947160222605
2.8479254386581717e-18,-7.311660271315837e-18,1.4331690259162477e-17,-0.02156947160222605
-9.142860602210024e-19,1.3148641919790608e-18,1.4331690259162477e-17,-0.02156947160222605
1.7929654557776782e-18,-3.428718330232776e-18,1.4331690259162477e-17,-0.02156947160222605
1.9111311958133427e-18,-3.684497436989672e-18,1.4331690259162477e-17,-0.02156947160222605
-3.8061122470585024e-18,7.499934361396457e-18,1.4331690259162477e-17,-0.02156947160222605
-1.2552319758189065e-18,1.969948219672464e-18,1.4331690259162477e-17,-0.02156947160222605
1.3346547047715926e-18,-5.414046168363522e-18,1.4331690259162477e-17,-0.02156947160222605
-2.8480595483854126e-18,5.045492664473617e-18,1.4331690259162477e-17,-0.02156947160222605
3.178597811196141e-18,-7.742129843934454e-18,1.4331690259162477e-17,-0.02156947160222605
-2.169917754150723e-18,4.1586125722487555e-18,1.4331690259162477e-17,-0.02156947160222605
-8.548529621963657e-19,4.953237458616764e-18,1.4331690259162477e-17,-0.02156947160222605
-1.5767371534453786e-18,3.0893004300254384e-18,1.4331690259162477e-17,-0.02156947160222605
-2.875108511863625e-18,3.1104050937590212e-18,1.4331690259162477e-17,-0.02156947160222605
3.395502640596423e-18,-7.978656046672088e-18,1.4331690259162477e-17,-0.02156947160222605
-1.4232765328006044e-18,3.526407884919559e-18,1.4331690259162477e-17,-0.02156947160222605
-4.173654884040554e-18,6.12655020219419e-18,1.4331690259162477e-17,-0.02156947160222605
-1.886522838691437e-18,6.658963939664385e-18,1.4331690259162477e-17,-0.02156947160222605
2.288100888845211e-18,-2.098984963791102e-18,1.4331690259162477e-17,-0.02156947160222605
3.499029070482874e-18,-3.5880442569329835e-18,1.4331690259162477e-17,-0.02156947160222605
-1.5047257380310029e-19,9.321874094166032e-19,1.4331690259162477e-17,-0.02156947160222605
-3.4372782829163634e-19,1.5229098711972737e-18,1.4331690259162477e-17,-0.02156947160222605
-5.947342248422962e-19,2.2386006890515312e-18,1.4331690259162477e-17,-0.02156947160222605
3.778477687490668e-18,-3.669464144502475e-18,1.4331690259162477e-17,-0.02156947160222605
1.6358528427951395e-18,-4.005144294107434e-18,1.4331690259162477e-17,-0.02156947160222605
-2.6856288413551723e-18,6.30519083205593e-18,1.4331690259162477e-17,-0.02156947160222605
-2.1784476029051504e-18,4.315106659617085e-18,1.4331690259162477e-17,-0.02156947160222605
2.7584703563221492e-18,-7.617722374806423e-18,1.4331690259162477e-17,-0.02156947160222605
-4.141885826900133e-18,4.1117072794052326e-18,1.4331690259162477e-17,-0.02156947160222605
7.564802969486162e-19,-3.803426295057801e-18,1.4331690259162477e-17,-0.02156947160222605
-5.189917712828575e-19,1.0183600512234274e-18,1.4331690259162477e-17,-0.02156947160222605
-1.1759641850725825e-18,3.569828366008526e-18,1.4331690259162477e-17,-0.02156947160222605
-5.629865606145184e-19,9.64589932118332e-19,1.4331690259162477e-17,-0.02156947160222605
8.518218202659325e-19,-4.3664748963190164e-18,1.4331690259162477e-17,-0.02156947160222605
8.925083358882602e-19,-1.761856174304386e-18,1.4331690259162477e-17,-0.02156947160222605
-4.399091790093554e-18,5.942110692101247e-18,1.4331690259162477e-17,-0.02156947160222605
-1.2480109467456428e-18,3.294605051906627e-18,1.4331690259162477e-17,-0.02156947160222605
1.1723561243357418e-18,-2.032434489068165e-18,1.4331690259162477e-17,-0.02156947160222605
4.972573833464554e-18,-7.00825692494491e-18,1.4331690259162477e-17,-0.02156947160222605
8.71965770791315e-19,-2.9002562725046752e-18,1.4331690259162477e-17,-0.02156947160222605
2.591077988252245e-19,-6.081998773711425e-19,1.4331690259162477e-17,-0.02156947160222605
2.8674931987487e-19,-4.40593813160447e-19,1.4331690259162477e-17,-0.02156947160222605
4.513943915477264e-19,-5.251143175305874e-18,1.4331690259162477e-17,-0.02156947160222605
-4.516902704295817e-19,7.603735211126965e-19,1.4331690259162477e-17,-0.02156947160222605
1.6286018139085579e-18,-6.355228954098668e-18,1.4331690259162477e-17,-0.02156947160222605
1.4334714241590583e-18,-3.0945413590678767e-18,1.4331690259162477e-17,-0.02156947160222605
-1.2184083154029587e-18,2.086065515263747e-18,1.4331690259162477e-17,-0.02156947160222605
9.18435220232681e-19,-4.464096352098087e-18,1.4331690259162477e-17,-0.02156947160222605
1.0809616007333899e-18,-1.9305696842252674e-18,1.4331690259162477e-17,-0.02156947160222605
1.3589600476942339e-18,-2.0060707654311956e-18,1.4331690259162477e-17,-0.02156947160222605
-2.002492901638497e-18,8.022373847801762e-18,1.4331690259162477e-17,-0.02156947160222605
1.1853285045886235e-18,-2.470969026716036e-18,1.4331690259162477e-17,-0.02156947160222605
-3.5838248446360516e-19,9.21113775974855e-19,1.4331690259162477e-17,-0.02156947160222605
1.0499815979432303e-18,-1.299435982447537e-18,1.4331690259162477e-17,-0.02156947160222605
5.643467457529039e-19,-1.819379352925941e-18,1.4331690259162477e-17,-0.02156947160222605
1.2304417776453938e-18,-5.8144334285155266e-18,1.4331690259162477e-17,-0.02156947160222605
-2.154373092311764e-18,5.240878930468934e-18,1.4331690259162477e-17,-0.02156947160222605
1.6701955991029087e-18,-2.2064413386299193e-18,1.4331690259162477e-17,-0.02156947160222605
-1.5013705876513354e-18,1.6387442466723955e-18,1.4331690259162477e-17,-0.02156947160222605
1.536153038534687e-18,-1.899400444235875e-18,1.4331690259162477e-17,-0.02156947160222605
5.134789606857997e-19,-1.0521113653041992e-18,1.4331690259162477e-17,-0.02156947160222605
-1.426851810216508e-18,1.934545173523508e-18,1.4331690259162477e-17,-0.02156947160222605
-4.275336341986859e-18,4.726324279401947e-18,1.4331690259162477e-17,-0.02156947160222605
-1.2027440575753736e-18,2.1238177518557922e-18,1.4331690259162477e-17,-0.02156947160222605
7.813144720178919e-19,-8.205632207439627e-19,1.4331690259162477e-17,-0.02156947160222605
8.30393516787954e-20,3.4565591038849922e-18,1.4331690259162477e-17,-0.02156947160222605
-6.308677629411393e-19,-4.585880115102904e-18,1.4331690259162477e-17,-0.02156947160222605
4.413452242221961e-19,-1.7640314908440185e-18,1.4331690259162477e-17,-0.02156947160222605
-3.050590792209965e-18,3.657182605209146e-18,1.4331690259162477e-17,-0.02156947160222605
-2.496526235049518e-18,4.554886530745408e-18,1.4331690259162477e-17,-0.02156947160222605
6.576600404822823e-20,-4.795834502654e-19,1.4331690259162477e-17,-0.02156947160222605
1.5599875012978791e-18,-3.9604173248441804e-18,1.4331690259162477e-17,-0.02156947160222605
2.9966582873478018e-18,-4.957929039271536e-18,1.4331690259162477e-17,-0.02156947160222605
-3.781040956547135e-18,8.111288955032698e-18,1.4331690259162477e-17,-0.02156947160222605
-5.345288115322988e-18,8.376719524808246e-18,1.4331690259162477e-17,-0.02156947160222605
5.267548659021559e-19,-1.1892264409249204e-18,1.4331690259162477e-17,-0.02156947160222605
3.486335510199684e-18,-5.897606040365987e-18,1.4331690259162477e-17,-0.02156947160222605
-5.802414737293985e-19,7.840027974098057e-19,1.4331690259162477e-17,-0.02156947160222605
-3.2299497681312487e-19,7.068400928073753e-19,1.4331690259162477e-17,-0.02156947160222605
9.1495515699506e-20,-2.4296193695671406e-19,1.4331690259162477e-17,-0.02156947160222605
3.518667457641994e-18,-5.134479568426408e-18,1.4331690259162477e-17,-0.02156947160222605
1.889537418484567e-18,-5.5997397200269454e-18,1.4331690259162477e-17,-0.02156947160222605
1.5011854354931398e-18,-4.7020462405866725e-18,1.4331690259162477e-17,-0.02156947160222605
1.6479774004836827e-18,-4.635736036326781e-18,1.4331690259162477e-17,-0.02156947160222605
7.184159897787649e-19,-2.1531029025247075e-18,1.4331690259162477e-17,-0.02156947160222605
-1.1431779230654466e-18,5.0921884037106795e-18,1.4331690259162477e-17,-0.02156947160222605
-1.9079466721913675e-18,2.3997907854678327e-18,1.4331690259162477e-17,-0.02156947160222605
1.0011816736472762e-18,-8.716479835932752e-19,1.4331690259162477e-17,-0.02156947160222605
2.395558172693833e-18,-2.952603134577237e-18,1.4331690259162477e-17,-0.02156947160222605
-1.0365679136014183e-18,1.139695281201939e-18,1.4331690259162477e-17,-0.02156947160222605
-1.1261621755667926e-18,2.820825101082688e-18,1.4331690259162477e-17,-0.02156947160222605
2.639326868040727e-18,-6.959388093876204e-18,1.4331690259162477e-17,-0.02156947160222605
2.4240268473773526e-18,-1.9933492678400307e-18,1.4331690259162477e-17,-0.02156947160222605
-1.3761648196627037e-19,3.782241662004588e-19,1.4331690259162477e-17,-0.02156947160222605
-5.353212298963631e-19,5.8996842791950425e-18,1.4331690259162477e-17,-0.02156947160222605
2.1071584452294976e-18,-3.3750809753338744e-18,1.4331690259162477e-17,-0.02156947160222605
-9.232966354073039e-19,4.110038374801074e-18,1.4331690259162477e-17,-0.02156947160222605
-2.5588213276004543e-18,8.527868325572175e-18,1.4331690259162477e-17,-0.02156947160222605
5.922681870036834e-19,-1.2651181441184875e-18,1.4331690259162477e-17,-0.02156947160222605
3.626578315524138e-18,-7.134759786447353e-18,1.4331690259162477e-17,-0.02156947160222605
-9.216997812051424e-19,3.839283408092731e-18,1.4331690259162477e-17,-0.02156947160222605
1.212396171522402e-18,-3.958081207715074e-18,1.4331690259162477e-17,-0.02156947160222605
-5.501009830400034e-18,7.574519466746226e-18,1.4331690259162477e-17,-0.02156947160222605
-6.768087835757825e-20,5.8131854968935075e-19,1.4331690259162477e-17,-0.02156947160222605
-2.785329400115868e-18,3.160741866793683e-18,1.4331690259162477e-17,-0.02156947160222605
1.5020908948226822e-18,-2.808708488542309e-18,1.4331690259162477e-17,-0.02156947160222605
1.7317402139204346e-18,-2.8198668148179137e-18,1.4331690259162477e-17,-0.02156947160222605
2.1115918060546723e-18,-3.460760619640845e-18,1.4331690259162477e-17,-0.02156947160222605
2.3439374486973834e-19,-4.481783827063914e-19,1.4331690259162477e-17,-0.02156947160222605
-8.611368486870002e-19,4.7260863374929474e-18,1.4331690259162477e-17,-0.02156947160222605
-2.4217756062363192e-18,6.310235247037394e-18,1.4331690259162477e-17,-0.02156947160222605
4.54092411853241e-18,-9.805474296648171e-18,1.4331690259162477e-17,-0.02156947160222605
3.5534894626045874e-18,-5.7009694205831835e-18,1.4331690259162477e-17,-0.02156947160222605
-9.188053091871915e-20,2.219934888250264e-19,1.4331690259162477e-17,-0.02156947160222605
2.713341577382911e-18,-7.098907419184632e-18,1.4331690259162477e-17,-0.02156947160222605
-1.4438926921191626e-18,7.689221662830436e-18,1.4331690259162477e-17,-0.02156947160222605
1.9965861168991795e-18,-3.6469026432194166e-18,1.4331690259162477e-17,-0.02156947160222605
2.9043969094221474e-18,-3.8692932095275634e-18,1.4331690259162477e-17,-0.02156947160222605
-2.0166269593989805e-18,5.933637095676929e-18,1.4331690259162477e-17,-0.02156947160222605
-3.0739395518480558e-18,6.530611797211979e-18,1.4331690259162477e-17,-0.02156947160222605
9.616417803132768e-19,-4.471489837331891e-18,1.4331690259162477e-17,-0.02156947160222605
1.0057887751997113e-18,-6.366749739763203e-18,1.4331690259162477e-17,-0.02156947160222605
1.3517983570707653e-18,-9.199357480137823e-18,1.4331690259162477e-17,-0.02156947160222605
-1.3137406006198393e-18,7.708124758735038e-18,1.4331690259162477e-17,-0.02156947160222605
-7.969679454868302e-19,1.4151350433907059e-18,1.4331690259162477e-17,-0.02156947160222605
2.470963943159676e-18,-3.527007867340625e-18,1.4331690259162477e-17,-0.02156947160222605
-4.8136411714980376e-18,5.628396337700064e-18,1.4331690259162477e-17,-0.02156947160222605
-6.562727851978111e-19,1.4470775355509313e-18,1.4331690259162477e-17,-0.02156947160222605
-5.167468152215008e-19,8.787200865645972e-19,1.4331690259162477e-17,-0.02156947160222605
4.686107244761875e-18,-9.23387924572924e-18,1.4331690259162477e-17,-0.02156947160222605
2.8317149339806785e-18,-4.927336395254533e-18,1.4331690259162477e-17,-0.02156947160222605
-6.163432823884411e-19,2.671259326159774e-18,1.4331690259162477e-17,-0.02156947160222605
-2.582367743620387e-19,8.973193556224036e-19,1.4331690259162477e-17,-0.02156947160222605
-2.0131487387195555e-19,4.519295763745255e-19,1.4331690259162477e-17,-0.02156947160222605
1.7603104210282546e-18,-2.0099328244194713e-18,1.4331690259162477e-17,-0.02156947160222605
-3.649333790319482e-19,3.5251000036027315e-19,1.4331690259162477e-17,-0.02156947160222605
5.937305666783675e-19,-3.4026722131054096e-18,1.4331690259162477e-17,-0.02156947160222605
-3.1627192667414657e-18,5.4386310160413894e-18,1.4331690259162477e-17,-0.02156947160222605
-4.736902784472631e-18,7.783239542045752e-18,1.4331690259162477e-17,-0.02156947160222605
3.89627205424008e-18,-5.9044394906225815e-18,1.4331690259162477e-17,-0.02156947160222605
2.2070386435448473e-18,-4.917651514597865e-18,1.4331690259162477e-17,-0.02156947160222605
3.658458840633447e-18,-6.3390169098903695e-18,1.4331690259162477e-17,-0.02156947160222605
7.383371362891236e-19,-4.479907651477562e-18,1.4331690259162477e-17,-0.02156947160222605
7.510606155079912e-19,-3.705729700389775e-18,1.4331690259162477e-17,-0.02156947160222605
3.748135825914588e-18,-6.7114437055230586e-18,1.4331690259162477e-17,-0.02156947160222605
-1.8308904613101163e-18,4.809450724734727e-18,1.4331690259162477e-17,-0.02156947160222605
1.0429274653743142e-18,-3.911002481574634e-18,1.4331690259162477e-17,-0.02156947160222605
-5.832188977592867e-19,2.2343813482944544e-18,1.4331690259162477e-17,-0.02156947160222605
3.0393881343264806e-18,-6.872033852474584e-18,1.4331690259162477e-17,-0.02156947160222605
-2.8928599467268188e-18,8.638232885902132e-18,1.4331690259162477e-17,-0.02156947160222605
2.327698445453574e-19,-4.717263955367118e-19,1.4331690259162477e-17,-0.02156947160222605
2.1780358084316527e-18,-1.9432601434271054e-18,1.4331690259162477e-17,-0.02156947160222605
-3.3377042464954533e-18,8.077830377757908e-18,1.4331690259162477e-17,-0.02156947160222605
3.6016368418340947e-19,-5.125076165215098e-19,1.4331690259162477e-17,-0.02156947160222605
-1.053553372344128e-18,2.3438666367129445e-18,1.4331690259162477e-17,-0.02156947160222605
9.248669621468243e-19,-1.1153802963822897e-18,1.4331690259162477e-17,-0.02156947160222605
-2.9672019239124098e-18,5.928766179634453e-18,1.4331690259162477e-17,-0.02156947160222605
1.3532065938638485e-18,-5.042617234264292e-18,1.4331690259162477e-17,-0.02156947160222605
-1.7490231933167286e-19,3.382283021756453e-18,1.4331690259162477e-17,-0.02156947160222605
-3.882035785234163e-18,7.22029064069527e-18,1.4331690259162477e-17,-0.02156947160222605
1.4628054038615833e-18,-2.4915208805056288e-18,1.4331690259162477e-17,-0.02156947160222605
8.705950799178212e-19,-4.5678891818135554e-18,1.4331690259162477e-17,-0.02156947160222605
4.680747746783224e-18,-3.302168265225881e-18,1.4331690259162477e-17,-0.02156947160222605
1.9007089988598006e-18,-3.5480622731836744e-18,1.4331690259162477e-17,-0.02156947160222605
1.4135638520862013e-18,-3.786905060771051e-18,1.4331690259162477e-17,-0.02156947160222605
3.940932937455311e-18,-4.100271625778047e-18,1.4331690259162477e-17,-0.02156947160222605
9.310477637043758e-19,-2.195295661736697e-18,1.4331690259162477e-17,-0.02156947160222605
2.6240952518942894e-18,-3.863470410810059e-18,1.4331690259162477e-17,-0.02156947160222605
2.1503590488293696e-18,-6.797310286927815e-18,1.4331690259162477e-17,-0.02156947160222605
-2.789167645809814e-18,8.6552688711607e-18,1.4331690259162477e-17,-0.02156947160222605
-4.06061603313277e-18,8.446911806786822e-18,1.4331690259162477e-17,-0.02156947160222605
1.0064147863290323e-18,-2.1491902205751664e-18,1.4331690259162477e-17,-0.02156947160222605
2.173997157208048e-18,-8.1222782801739e-18,1.4331690259162477e-17,-0.02156947160222605
3.839373998279746e-18,-7.164874716387808e-18,1.4331690259162477e-17,-0.02156947160222605
-2.9319934793950074e-18,6.1254895099796775e-18,1.4331690259162477e-17,-0.02156947160222605
3.696688530925963e-18,-4.145444865160345e-18,1.4331690259162477e-17,-0.02156947160222605
8.937327713994755e-20,-4.2853016444449033e-19,1.4331690259162477e-17,-0.02156947160222605
1.108078632653055e-18,-2.7194674941720837e-18,1.4331690259162477e-17,-0.02156947160222605
5.027818353376086e-19,-1.1663665132885004e-18,1.4331690259162477e-17,-0.02156947160222605
1.982387859491738e-18,-4.534641956869904e-18,1.4331690259162477e-17,-0.02156947160222605
6.746835347028582e-19,-2.2777005155454047e-18,1.4331690259162477e-17,-0.02156947160222605
3.977119059934237e-18,-7.269767531269369e-18,1.4331690259162477e-17,-0.02156947160222605
5.549197183610774e-19,-4.33365917053052e-18,1.4331690259162477e-17,-0.02156947160222605
-4.69135702627766e-19,3.235367740231043e-18,1.4331690259162477e-17,-0.02156947160222605
1.2883305253191712e-18,-3.795235958244483e-18,1.4331690259162477e-17,-0.02156947160222605
2.919706806756542e-18,-6.721401409820592e-18,1.4331690259162477e-17,-0.02156947160222605
3.5611088644983704e-18,-5.632778439102444e-18,1.4331690259162477e-17,-0.02156947160222605
-8.73277382437798e-19,1.3923565020065352e-18,1.4331690259162477e-17,-0.02156947160222605
9.741368182931268e-20,-1.7875761776692367e-19,1.4331690259162477e-17,-0.02156947160222605
-2.950740544579468e-19,5.802938717240002e-19,1.4331690259162477e-17,-0.02156947160222605
-1.0116194043257933e-18,3.798389785869161e-18,1.4331690259162477e-17,-0.02156947160222605
-9.341228237603734e-19,2.767175110338154e-18,1.4331690259162477e-17,-0.02156947160222605
2.156972423097742e-18,-6.639708258434887e-18,1.4331690259162477e-17,-0.02156947160222605
3.572325019766529e-18,-8.044612600885593e-18,1.4331690259162477e-17,-0.02156947160222605
-1.4118387644427418e-18,2.767517670859171e-18,1.4331690259162477e-17,-0.02156947160222605
-2.3434106128419997e-18,4.330489889691487e-18,1.4331690259162477e-17,-0.02156947160222605
4.490841592419182e-19,-1.3250686442749573e-18,1.4331690259162477e-17,-0.02156947160222605
-1.779533831444481e-18,3.137021415489372e-18,1.4331690259162477e-17,-0.02156947160222605
-3.260566363453751e-18,1.8952493418197763e-18,1.4331690259162477e-17,-0.02156947160222605
1.7167365837306858e-18,-1.9891530621413673e-18,1.4331690259162477e-17,-0.02156947160222605
2.8495143711337856e-19,-6.945498632988335e-19,1.4331690259162477e-17,-0.02156947160222605
9.904450074385765e-19,-1.9519258226652306e-18,1.4331690259162477e-17,-0.02156947160222605
2.6683907769516033e-18,-7.798875048555496e-18,1.4331690259162477e-17,-0.02156947160222605
2.661661365827315e-18,-3.878002665233541e-18,1.4331690259162477e-17,-0.02156947160222605
1.845198420313805e-19,-6.187414591761494e-19,1.4331690259162477e-17,-0.02156947160222605
-3.391349306294272e-18,3.2346897059255676e-18,1.4331690259162477e-17,-0.02156947160222605
1.5487359514239906e-18,-4.827967269183114e-18,1.4331690259162477e-17,-0.02156947160222605
2.0873941964208784e-18,-2.0914118398936337e-18,1.4331690259162477e-17,-0.02156947160222605
2.0599646924556643e-18,-5.56447983931149e-18,1.4331690259162477e-17,-0.02156947160222605
1.468066399839794e-18,-2.6365828636475108e-18,1.4331690259162477e-17,-0.02156947160222605
1.5233534145283917e-19,-3.3862300367070585e-18,1.4331690259162477e-17,-0.02156947160222605
-3.387546724060919e-18,5.516228596337093e-18,1.4331690259162477e-17,-0.02156947160222605
3.529174664484537e-18,-5.829142254947689e-18,1.4331690259162477e-17,-0.02156947160222605
7.285968348633723e-18,-6.26358607393651e-18,1.4331690259162477e-17,-0.02156947160222605
-6.91430192740282e-19,2.151486606140073e-18,1.4331690259162477e-17,-0.02156947160222605
9.702079729874787e-20,-4.857582390009578e-19,1.4331690259162477e-17,-0.02156947160222605
1.0991255050816976e-18,-6.392412769206604e-18,1.4331690259162477e-17,-0.02156947160222605
-2.136260533905218e-18,5.017157136356833e-18,1.4331690259162477e-17,-0.02156947160222605
-3.631310733935653e-18,6.586218595915777e-18,1.4331690259162477e-17,-0.02156947160222605
-6.0655113624382146e-18,6.578109543999991e-18,1.4331690259162477e-17,-0.02156947160222605
3.317430612662943e-18,-6.3791533592228244e-18,1.4331690259162477e-17,-0.02156947160222605
-7.025471740326578e-19,1.689518224500629e-18,1.4331690259162477e-17,-0.02156947160222605
2.04828003146878e-18,-5.433568460481232e-18,1.4331690259162477e-17,-0.02156947160222605
1.7159671554323457e-18,-2.212226192531418e-18,1.4331690259162477e-17,-0.02156947160222605
3.338389996935855e-18,-4.295656015184631e-18,1.4331690259162477e-17,-0.02156947160222605
-1.290964722345506e-19,4.1051646139500383e-19,1.4331690259162477e-17,-0.02156947160222605
-4.335711476140257e-18,7.969000466860185e-18,1.4331690259162477e-17,-0.02156947160222605
-9.22035045473179e-19,2.218327426922201e-18,1.4331690259162477e-17,-0.02156947160222605
3.5286596421638455e-18,-6.964129066038952e-18,1.4331690259162477e-17,-0.02156947160222605
3.340418538241773e-19,-8.333511268231525e-19,1.4331690259162477e-17,-0.02156947160222605
1.7292001398473038e-18,-9.23017059989929e-18,1.4331690259162477e-17,-0.02156947160222605
2.252688032121746e-19,-4.7238896135410115e-19,1.4331690259162477e-17,-0.02156947160222605
1.419635447762014e-19,-3.894683373767491e-19,1.4331690259162477e-17,-0.02156947160222605
-4.336866140614988e-19,1.5386986628536967e-18,1.4331690259162477e-17,-0.02156947160222605
3.819706164613877e-18,-6.188851084560494e-18,1.4331690259162477e-17,-0.02156947160222605
-1.2549033569375952e-18,2.1467239714952166e-18,1.4331690259162477e-17,-0.02156947160222605
1.2214200511225712e-19,-2.203318167632641e-19,1.4331690259162477e-17,-0.02156947160222605
-3.346892466634856e-19,1.0788012918962285e-18,1.4331690259162477e-17,-0.02156947160222605
-1.8011140728573825e-18,2.1239263543226988e-18,1.4331690259162477e-17,-0.02156947160222605
2.129778669036857e-18,-5.1415224783611145e-18,1.4331690259162477e-17,-0.02156947160222605
-2.3276396784526017e-19,9.649080666546865e-19,1.4331690259162477e-17,-0.02156947160222605
-3.779771970386387e-19,8.506492815420938e-19,1.4331690259162477e-17,-0.02156947160222605
4.664321025408743e-19,-1.8194107943558128e-18,1.4331690259162477e-17,-0.02156947160222605
4.041129722830552e-18,-6.965071868832666e-18,1.4331690259162477e-17,-0.02156947160222605
2.6459720228636918e-18,-7.1623387809232e-18,1.4331690259162477e-17,-0.02156947160222605
-1.880746852486186e-18,2.7302533986276116e-18,1.4331690259162477e-17,-0.02156947160222605
-9.172891721722696e-19,6.945496925814764e-18,1.4331690259162477e-17,-0.02156947160222605
2.150745845599173e-18,-8.207787307811868e-18,1.4331690259162477e-17,-0.02156947160222605
1.9493890412777083e-18,-2.0560925114060166e-18,1.4331690259162477e-17,-0.02156947160222605
-3.703806184894655e-18,4.0923766164651805e-18,1.4331690259162477e-17,-0.02156947160222605
1.7701952321108696e-18,-5.960041442734113e-18,1.4331690259162477e-17,-0.02156947160222605
3.32952463921381e-18,-5.1315176015899865e-18,1.4331690259162477e-17,-0.02156947160222605
3.7944359937599005e-18,-7.840732097488004e-18,1.4331690259162477e-17,-0.02156947160222605
-1.3832485256656249e-18,3.1810993722348273e-18,1.4331690259162477e-17,-0.02156947160222605
1.1448213200622482e-18,-3.608359638339465e-18,1.4331690259162477e-17,-0.02156947160222605
2.5173359548872086e-18,-2.9335530650893183e-18,1.4331690259162477e-17,-0.02156947160222605
-2.4307933978361925e-18,3.182640562244799e-18,1.4331690259162477e-17,-0.02156947160222605
6.1889042745729135e-19,-8.724965496820297e-19,1.4331690259162477e-17,-0.02156947160222605
-8.549521487443331e-19,2.302719139680146e-18,1.4331690259162477e-17,-0.02156947160222605
-1.5788176265572782e-18,2.2728619095360423e-18,1.4331690259162477e-17,-0.02156947160222605
-1.0997489499271068e-18,9.602596731326658e-19,1.4331690259162477e-17,-0.02156947160222605
-4.090547515429614e-18,5.451261050928691e-18,1.4331690259162477e-17,-0.02156947160222605
-8.175432226401413e-20,3.1672698279822557e-19,1.4331690259162477e-17,-0.02156947160222605
-9.046398198605024e-20,2.284086936231542e-19,1.4331690259162477e-17,-0.02156947160222605
4.2903182053931315e-18,-5.068669652830013e-18,1.4331690259162477e-17,-0.02156947160222605
-2.7466726913110983e-18,3.963369224603119e-18,1.4331690259162477e-17,-0.02156947160222605
1.7074173339551167e-18,-2.8621081100180115e-18,1.4331690259162477e-17,-0.02156947160222605
-3.7551765178114563e-19,1.4206265018335018e-18,1.4331690259162477e-17,-0.02156947160222605
1.0017005045572444e-18,-1.5606574281012512e-18,1.4331690259162477e-17,-0.02156947160222605
3.016950359498241e-18,-4.7913587609574786e-18,1.4331690259162477e-17,-0.02156947160222605
6.333994570854495e-19,-1.3466305805086485e-18,1.4331690259162477e-17,-0.02156947160222605
3.4155008756561306e-18,-4.995545216354785e-18,1.4331690259162477e-17,-0.02156947160222605
4.777156871731355e-18,-7.70657895817042e-18,1.4331690259162477e-17,-0.02156947160222605
2.3480124837086844e-18,-3.68183695913162e-18,1.4331690259162477e-17,-0.02156947160222605
-1.1329574604138275e-18,1.3870207025616136e-18,1.4331690259162477e-17,-0.02156947160222605
-1.2898483948014568e-18,6.61434703530437e-18,1.4331690259162477e-17,-0.02156947160222605
-1.3946211266538553e-18,6.1040411949708485e-18,1.4331690259162477e-17,-0.02156947160222605
-1.2554074492627294e-18,1.5657025682128635e-18,1.4331690259162477e-17,-0.02156947160222605
-5.184177301896136e-19,6.433790001824856e-18,1.4331690259162477e-17,-0.02156947160222605
-3.4171800055523447e-18,5.242250543333562e-18,1.4331690259162477e-17,-0.02156947160222605
5.182895649179345e-19,-7.279276095867354e-19,1.4331690259162477e-17,-0.02156947160222605
-4.0231199891148354e-19,9.902597342109332e-19,1.4331690259162477e-17,-0.02156947160222605
-5.449672258430535e-19,1.178537154949629e-18,1.4331690259162477e-17,-0.02156947160222605
7.115884138922148e-19,-9.885977326044488e-19,1.4331690259162477e-17,-0.02156947160222605
-1.2554549711646797e-18,1.84555841580952e-18,1.4331690259162477e-17,-0.02156947160222605
1.420936166976398e-18,-3.345974272092298e-18,1.4331690259162477e-17,-0.02156947160222605
2.776282423251762e-18,-6.153050861634776e-18,1.4331690259162477e-17,-0.02156947160222605
-6.760568957501026e-20,1.0475591411976622e-19,1.4331690259162477e-17,-0.02156947160222605
-1.35247026733578e-18,2.1772671543346984e-18,1.4331690259162477e-17,-0.02156947160222605
-3.494865360448957e-18,4.200472841046465e-18,1.4331690259162477e-17,-0.02156947160222605
1.2446484439583255e-18,-2.6160338397058816e-18,1.4331690259162477e-17,-0.02156947160222605
2.3513250455581506e-18,-6.234842839869966e-18,1.4331690259162477e-17,-0.02156947160222605
-6.954338753385773e-19,1.2949630491366636e-18,1.4331690259162477e-17,-0.02156947160222605
4.22689305653404e-19,-5.560660831931075e-19,1.4331690259162477e-17,-0.02156947160222605
0.3573114234782276,6.598356592734311e-18,0.0,0.0
-3.4702626775551275e-18,3.9650957954132755e-18,0.027986790633939385,3.1306764896729646e-17
1.4512501120402728e-18,-3.922334584666384e-18,0.027986790633939385,3.1306764896729646e-17
-2.8061373832595902e-18,6.675108522653834e-18,0.027986790633939385,3.1306764896729646e-17
2.332646244799004e-18,-3.3989533672843895e-18,0.027986790633939385,3.1306764896729646e-17
2.7433218718892485e-18,-3.593598279094666e-18,0.027986790633939385,3.1306764896729646e-17
-1.3379208734310443e-18,2.239538924495048e-18,0.027986790633939385,3.1306764896729646e-17
4.609477115943983e-20,-4.955878254346443e-20,0.027986790633939385,3.1306764896729646e-17
-5.137908091325515e-19,1.270544427901742e-18,0.027986790633939385,3.1306764896729646e-17
4.8998447989313356e-18,-8.905759139344798e-18,0.027986790633939385,3.1306764896729646e-17
-1.3965625549997037e-19,2.599405975906137e-18,0.027986790633939385,3.1306764896729646e-17
-2.5382440783732614e-18,5.922085569595608e-18,0.027986790633939385,3.1306764896729646e-17
-6.895961184028605e-19,5.552558494010709e-18,0.027986790633939385,3.1306764896729646e-17
1.2223415885645718e-18,-3.3802131923617543e-18,0.027986790633939385,3.1306764896729646e-17
-1.4982640571660666e-18,3.96526379365309e-18,0.027986790633939385,3.1306764896729646e-17
2.612815749926819e-18,-5.187956676200709e-18,0.027986790633939385,3.1306764896729646e-17
-8.774481993465468e-19,1.6810400113560218e-18,0.027986790633939385,3.1306764896729646e-17
-1.4761313959417819e-19,2.334103479898488e-19,0.027986790633939385,3.1306764896729646e-17
3.1821105715639002e-18,-6.302046038232011e-18,0.027986790633939385,3.1306764896729646e-17
2.7558580726819113e-19,-3.565675564854376e-18,0.027986790633939385,3.1306764896729646e-17
-2.620583033713544e-19,1.0844509935876206e-18,0.027986790633939385,3.1306764896729646e-17
1.4922767776809804e-18,-3.131685546342249e-18,0.027986790633939385,3.1306764896729646e-17
-2.4465245220244553e-18,2.4800446238973357e-18,0.027986790633939385,3.1306764896729646e-17
-2.5468781237041415e-18,4.8279521041564465e-18,0.027986790633939385,3.1306764896729646e-17
-3.1417404191287532e-18,6.950496289303113e-18,0.027986790633939385,3.1306764896729646e-17
-1.6966570812581756e-18,4.242621774334882e-18,0.027986790633939385,3.1306764896729646e-17
-8.02111720676861e-19,1.3052570223873846e-18,0.027986790633939385,3.1306764896729646e-17
2.243412130847425e-18,-3.362405882719333e-18,0.027986790633939385,3.1306764896729646e-17
-1.2234408939834044e-18,2.097049158460865e-18,0.027986790633939385,3.1306764896729646e-17
-9.68240150900203e-19,2.0983817343906533e-18,0.027986790633939385,3.1306764896729646e-17
-4.679668648762131e-18,5.118513315334541e-18,0.027986790633939385,3.1306764896729646e-17
5.722639708395899e-19,-9.553759400029209e-19,0.027986790633939385,3.1306764896729646e-17
2.5962962032272445e-18,-2.6801411109367296e-18,0.027986790633939385,3.1306764896729646e-17
-5.9081340981429684e-18,6.1976963157544065e-18,0.027986790633939385,3.1306764896729646e-17
3.101991456296856e-18,-4.87104212397207e-18,0.027986790633939385,3.1306764896729646e-17
1.1799737423559241e-18,-3.0752478454498313e-18,0.027986790633939385,3.1306764896729646e-17
-1.7826812314981157e-18,3.788778853536943e-18,0.027986790633939385,3.1306764896729646e-17
7.679262434275276e-19,-1.9532147892040653e-18,0.027986790633939385,3.1306764896729646e-17
-2.958455645568304e-18,5.412266984985264e-18,0.027986790633939385,3.1306764896729646e-17
-1.7831331771532476e-18,3.792081693677645e-18,0.027986790633939385,3.1306764896729646e-17
3.3157990704202766e-18,-4.867780858420765e-18,0.027986790633939385,3.1306764896729646e-17
-4.7571297455982775e-18,6.3361114730348225e-18,0.027986790633939385,3.1306764896729646e-17
7.471602679402993e-19,-1.862735550491225e-18,0.027986790633939385,3.1306764896729646e-17
3.0543634051250734e-19,-3.26881279704159e-18,0.027986790633939385,3.1306764896729646e-17
1.4332600865588406e-18,-4.1258019417577105e-18,0.027986790633939385,3.1306764896729646e-17
3.0284524461407572e-18,-5.215372758594226e-18,0.027986790633939385,3.1306764896729646e-17
-3.555929968853065e-18,8.952813876147072e-18,0.027986790633939385,3.1306764896729646e-17
4.671859273657691e-18,-2.9962713316596563e-18,0.027986790633939385,3.1306764896729646e-17
3.6523165317004786e-18,-4.830793732627861e-18,0.027986790633939385,3.1306764896729646e-17
1.8645110518890705e-18,-2.9012221426921677e-18,0.027986790633939385,3.1306764896729646e-17
1.2560143978888535e-18,-3.575620662791252e-18,0.027986790633939385,3.1306764896729646e-17
-3.997179617053311e-19,1.7165547248348346e-18,0.027986790633939385,3.1306764896729646e-17
6.859953157296495e-19,-4.031017682246937e-18,0.027986790633939385,3.1306764896729646e-17
2.2058560983676587e-18,-3.753610814160483e-18,0.027986790633939385,3.1306764896729646e-17
-2.413716505171527e-18,6.0165353033611035e-18,0.027986790633939385,3.1306764896729646e-17
-2.407988423897558e-19,7.672876495848164e-19,0.027986790633939385,3.1306764896729646e-17
-2.354248687926812e-18,6.4892526944675736e-18,0.027986790633939385,3.1306764896729646e-17
1.9860454864942905e-18,-3.285174229730842e-18,0.027986790633939385,3.1306764896729646e-17
3.555414660308855e-18,-4.834090210177733e-18,0.027986790633939385,3.1306764896729646e-17
1.0723308094217823e-18,-2.855950025916013e-18,0.027986790633939385,3.1306764896729646e-17
1.0169501402976118e-18,-1.822386465057101e-18,0.027986790633939385,3.1306764896729646e-17
3.1025956068882917e-18,-7.336457420992484e-18,0.027986790633939385,3.1306764896729646e-17
-3.888062498903301e-18,6.691694076721699e-18,0.027986790633939385,3.1306764896729646e-17
-8.124953296435274e-19,4.5927596894366484e-18,0.027986790633939385,3.1306764896729646e-17
-2.9890836493412792e-19,4.371883837523995e-19,0.027986790633939385,3.1306764896729646e-17
2.602327400648074e-18,-5.213652955413406e-18,0.027986790633939385,3.1306764896729646e-17
-5.466346525652718e-19,1.6062975390124949e-18,0.027986790633939385,3.1306764896729646e-17
-1.8377433114762974e-18,3.762596792050989e-18,0.027986790633939385,3.1306764896729646e-17
5.469042761941219e-19,-8.859941249907029e-19,0.027986790633939385,3.1306764896729646e-17
-2.2122133333103993e-18,7.540788398434036e-18,0.027986790633939385,3.1306764896729646e-17
-1.4838709272421837e-18,5.389732146978737e-18,0.027986790633939385,3.1306764896729646e-17
-1.7094790316845677e-18,4.053987162702077e-18,0.027986790633939385,3.1306764896729646e-17
-2.5755118804593027e-18,3.780125117936584e-18,0.027986790633939385,3.1306764896729646e-17
9.227152998862201e-19,-2.6902567927202463e-18,0.027986790633939385,3.1306764896729646e-17
7.191605883872551e-19,-1.2266309874053218e-18,0.027986790633939385,3.1306764896729646e-17
2.419875092310552e-19,-7.384994064871578e-19,0.027986790633939385,3.1306764896729646e-17
2.152056161809072e-18,-6.510977983049056e-18,0.027986790633939385,3.1306764896729646e-17
-6.469362153380704e-19,1.4734680084546101e-18,0.027986790633939385,3.1306764896729646e-17
-1.600737756427135e-18,4.120863727257897e-18,0.027986790633939385,3.1306764896729646e-17
-2.3488509781552593e-18,4.1281342165750924e-18,0.027986790633939385,3.1306764896729646e-17
1.3483383427488602e-19,-1.627266856013286e-18,0.027986790633939385,3.1306764896729646e-17
-5.1923587874820695e-18,7.389956794527199e-18,0.027986790633939385,3.1306764896729646e-17
-1.0747414908422712e-18,3.510878680077243e-18,0.027986790633939385,3.1306764896729646e-17
-1.5323014097251417e-18,2.7458872765312668e-18,0.027986790633939385,3.1306764896729646e-17
7.682759931932528e-19,-1.6573335298194459e-18,0.027986790633939385,3.1306764896729646e-17
2.00998974513609e-18,-2.646205236616939e-18,0.027986790633939385,3.1306764896729646e-17
5.747171435202949e-19,-1.9189029090427695e-18,0.027986790633939385,3.1306764896729646e-17
2.291436299169647e-18,-7.773839769568838e-18,0.027986790633939385,3.1306764896729646e-17
-9.794124332532118e-19,2.5417812652091768e-18,0.027986790633939385,3.1306764896729646e-17
-1.1718329279245716e-18,3.817322074351638e-18,0.027986790633939385,3.1306764896729646e-17
2.9605524806015775e-18,-6.252367909158808e-18,0.027986790633939385,3.1306764896729646e-17
3.1806527115692203e-18,-5.528718581570232e-18,0.027986790633939385,3.1306764896729646e-17
3.634441650288839e-18,-3.630955906897383e-18,0.027986790633939385,3.1306764896729646e-17
-2.570061220438857e-19,5.554419092861906e-19,0.027986790633939385,3.1306764896729646e-17
-1.943593217596177e-18,4.396590063378016e-18,0.027986790633939385,3.1306764896729646e-17
-2.8625200617021236e-19,4.181915617352373e-18,0.027986790633939385,3.1306764896729646e-17
-2.9520543013989775e-18,6.200098484257669e-18,0.027986790633939385,3.1306764896729646e-17
-1.43778909083041e-18,2.441154092031594e-18,0.027986790633939385,3.1306764896729646e-17
6.813087468603401e-19,-1.6892394437440183e-18,0.027986790633939385,3.1306764896729646e-17
-2.7312195182096078e-18,4.652217172040779e-18,0.027986790633939385,3.1306764896729646e-17
3.4944573695506105e-18,-6.58511514521369e-18,0.027986790633939385,3.1306764896729646e-17
2.139412681952124e-18,-1.7951109399475524e-18,0.027986790633939385,3.1306764896729646e-17
-2.43384373780018e-18,6.777043156695488e-18,0.027986790633939385,3.1306764896729646e-17
5.538576271198029e-19,-2.234455408074543e-18,0.027986790633939385,3.1306764896729646e-17
-1.5027354424375789e-18,3.545528515693252e-18,0.027986790633939385,3.1306764896729646e-17
-1.3025973827948441e-19,1.1206588058615385e-19,0.027986790633939385,3.1306764896729646e-17
1.4937624545539493e-18,-3.2608243431777535e-18,0.027986790633939385,3.1306764896729646e-17
-1.5597439441387173e-19,2.351660079568534e-19,0.027986790633939385,3.1306764896729646e-17
-3.2679402752691736e-19,6.769231008146685e-19,0.027986790633939385,3.1306764896729646e-17
-3.551426006925411e-18,7.106357726403967e-18,0.027986790633939385,3.1306764896729646e-17
-2.1965579868073333e-18,3.762181866395555e-18,0.027986790633939385,3.1306764896729646e-17
4.416695569998012e-18,-7.44593703072854e-18,0.027986790633939385,3.1306764896729646e-17
-3.726608605754955e-18,7.423627834183701e-18,0.027986790633939385,3.1306764896729646e-17
1.737865163958207e-18,-7.351682013054391e-18,0.027986790633939385,3.1306764896729646e-17
-3.096555594847597e-19,7.360616383718567e-19,0.027986790633939385,3.1306764896729646e-17
-1.8219049822009108e-18,1.791870285023774e-18,0.027986790633939385,3.1306764896729646e-17
-1.517333465010086e-18,2.4416386438926563e-18,0.027986790633939385,3.1306764896729646e-17
-3.012688844228508e-20,3.920253936414027e-19,0.027986790633939385,3.1306764896729646e-17
-1.0284630565155854e-18,2.448117122489168e-18,0.027986790633939385,3.1306764896729646e-17
-8.95894074679629e-20,3.6779841071318447e-19,0.027986790633939385,3.1306764896729646e-17
1.9000859002297156e-18,-2.3791277566411764e-18,0.027986790633939385,3.1306764896729646e-17
-1.2080033263530363e-19,1.1883363771288748e-18,0.027986790633939385,3.1306764896729646e-17
-1.043171373044706e-18,1.953679903802569e-18,0.027986790633939385,3.1306764896729646e-17
-3.0800622872099116e-18,8.081582240825931e-18,0.027986790633939385,3.1306764896729646e-17
4.212553704916099e-18,-4.474931954925388e-18,0.027986790633939385,3.1306764896729646e-17
-1.7117349977839025e-18,5.4188147790117304e-18,0.027986790633939385,3.1306764896729646e-17
-2.5704453643763002e-18,4.955013546991095e-18,0.027986790633939385,3.1306764896729646e-17
2.334239636390796e-18,-3.3500596656851763e-18,0.027986790633939385,3.1306764896729646e-17
-6.2442473994877186e-18,6.5502120263472735e-18,0.027986790633939385,3.1306764896729646e-17
2.9644927767138143e-18,-6.581761453406914e-18,0.027986790633939385,3.1306764896729646e-17
-2.10817817882654e-19,8.972633354160475e-19,0.027986790633939385,3.1306764896729646e-17
-1.5118943089574042e-18,4.898743333620296e-18,0.027986790633939385,3.1306764896729646e-17
2.053696415522255e-18,-3.819277961185253e-18,0.027986790633939385,3.1306764896729646e-17
-1.3097335221084475e-18,2.3079810900847907e-18,0.027986790633939385,3.1306764896729646e-17
-2.552318194225503e-18,4.761332248681385e-18,0.027986790633939385,3.1306764896729646e-17
-6.8247786322532316e-18,9.583678378458961e-18,0.027986790633939385,3.1306764896729646e-17
-2.1070455275012295e-19,-6.576869307958856e-18,0.027986790633939385,3.1306764896729646e-17
9.85657306286003e-19,-1.7235315864301926e-18,0.027986790633939385,3.1306764896729646e-17
-3.1090539483011085e-18,5.681909638324794e-18,0.027986790633939385,3.1306764896729646e-17
2.4045861273566707e-18,-4.615548744891608e-18,0.027986790633939385,3.1306764896729646e-17
1.7739176421202063e-18,-2.1135624469002536e-18,0.027986790633939385,3.1306764896729646e-17
4.2867222841041726e-18,-2.76133551477692e-18,0.027986790633939385,3.1306764896729646e-17
-1.2262961728428047e-18,3.713463860945297e-18,0.027986790633939385,3.1306764896729646e-17
-1.612897025950173e-18,5.1737941509843064e-18,0.027986790633939385,3.1306764896729646e-17
-1.744113685673783e-18,5.805537103831673e-18,0.027986790633939385,3.1306764896729646e-17
-9.492362636563412e-19,2.1356287859397955e-18,0.027986790633939385,3.1306764896729646e-17
-3.9567553352862015e-19,6.609899845536726e-19,0.027986790633939385,3.1306764896729646e-17
-2.0112984649605695e-18,2.8381797392443233e-18,0.027986790633939385,3.1306764896729646e-17
-4.876870775166745e-18,6.912402406586763e-18,0.027986790633939385,3.1306764896729646e-17
-3.052040504454847e-18,4.618801761083163e-18,0.027986790633939385,3.1306764896729646e-17
-3.1120596215211647e-18,5.529389748266892e-18,0.027986790633939385,3.1306764896729646e-17
2.0499205487782592e-20,-3.7577408325231616e-19,0.027986790633939385,3.1306764896729646e-17
4.341120701648021e-19,-6.120019247505194e-18,0.027986790633939385,3.1306764896729646e-17
3.730347759638773e-19,-8.181121534352464e-19,0.027986790633939385,3.1306764896729646e-17
2.9082564807483305e-19,-4.804691016630567e-19,0.027986790633939385,3.1306764896729646e-17
-1.8075128895012524e-18,2.9059004379958647e-18,0.027986790633939385,3.1306764896729646e-17
-5.767596639783321e-18,7.919302632522326e-18,0.027986790633939385,3.1306764896729646e-17
3.152444821186079e-18,-6.84931465227765e-18,0.027986790633939385,3.1306764896729646e-17
-2.4893569955565547e-18,4.5647091706979654e-18,0.027986790633939385,3.1306764896729646e-17
1.491616995095191e-18,-2.506949345389015e-18,0.027986790633939385,3.1306764896729646e-17
-4.832469247446792e-19,1.6020199680841452e-18,0.027986790633939385,3.1306764896729646e-17
0.0,3.216997630665701e-18,0.027986790633939385,3.1306764896729646e-17
2.4793460581694864e-18,-8.042494076664251e-18,0.027986790633939385,3.1306764896729646e-17
2.4793460581694864e-18,-6.433995261331402e-18,0.027986790633939385,3.1306764896729646e-17
-1.2396730290847432e-18,8.042494076664252e-19,0.0,0.0
0.0,-4.825496445998551e-18,-9.709868545988493e-20,3.741706875279647e-20
-2.4793460581694864e-18,4.825496445998551e-18,-9.709868545988493e-20,3.741706875279647e-20
4.958692116338973e-18,-8.042494076664251e-18,-9.709868545988493e-20,3.741706875279647e-20
-7.747956431779645e-20,1.5079676393745472e-19,-9.709868545988493e-20,3.741706875279647e-20
