0,1,2,3,4,5,6,7,8,9,10,11,12,13,14,15
0.0,0.0,0.0,0.0,0.0,0.19563034,0.0,0.0,0.0,0.037113234,0.0,0.0,0.0,0.0,0.0,0.0
0.0,0.0,0.0,0.0,0.0,0.109688535,0.0,0.0,0.0,0.17733629,0.0,0.0,0.0,0.0,0.0,0.0
0.0,0.0,0.0,0.0,0.0,0.109688535,0.0,0.0,0.0,0.17733629,0.0,0.0,0.0,0.0,0.0,0.0
0.0,0.0,0.0,0.0,0.0,0.109688535,0.0,0.0,0.0,0.17733629,0.0,0.0,0.0,0.0,0.0,0.0
0.0,0.0,0.0,0.0,0.0,0.109688535,0.0,0.0,0.0,0.17733629,0.0,0.0,0.0,0.0,0.0,0.0
0.0,0.0,0.0,0.0,0.0,0.109688535,0.0,0.0,0.0,0.17733629,0.0,0.0,0.0,0.0,0.0,0.0
0.0,0.0,0.0,0.0,0.0,0.109688535,0.0,0.0,0.0,0.17733629,0.0,0.0,0.0,0.0,0.0,0.0
0.0,0.0,0.0,0.0,0.0,0.109688535,0.0,0.0,0.0,0.17733629,0.0,0.0,0.0,0.0,0.0,0.0
0.0,0.0,0.0,0.0,0.0,0.109688535,0.0,0.0,0.0,0.17733629,0.0,0.0,0.0,0.0,0.0,0.0
0.0,0.0,0.0,0.0,0.0,0.109688535,0.0,0.0,0.0,0.17733629,0.0,0.0,0.0,0.0,0.0,0.0
0.0,0.0,0.0,0.0,0.0,0.109688535,0.0,0.0,0.0,0.17733629,0.0,0.0,0.0,0.0,0.0,0.0
0.0,0.0,0.0,0.0,0.0,0.109688535,0.0,0.0,0.0,0.17733629,0.0,0.0,0.0,0.0,0.0,0.0
0.0,0.0,0.0,0.0,0.0,0.109688535,0.0,0.0,0.0,0.17733629,0.0,0.0,0.0,0.0,0.0,0.0
0.0,0.0,0.0,0.0,0.0,0.109688535,0.0,0.0,0.0,0.17733629,0.0,0.0,0.0,0.0,0.0,0.0
0.0,0.0,0.0,0.0,0.0,0.109688535,0.0,0.0,0.0,0.17733629,0.0,0.0,0.0,0.0,0.0,0.0
0.0,0.0,0.0,0.0,0.0,0.109688535,0.0,0.0,0.0,0.17733629,0.0,0.0,0.0,0.0,0.0,0.0
0.0,0.0,0.0,0.0,0.0,0.109688535,0.0,0.0,0.0,0.17733629,0.0,0.0,0.0,0.0,0.0,0.0
0.0,0.0,0.0,0.0,0.0,0.109688535,0.0,0.0,0.0,0.17733629,0.0,0.0,0.0,0.0,0.0,0.0
0.0,0.0,0.0,0.0,0.0,0.109688535,0.0,0.0,0.0,0.17733629,0.0,0.0,0.0,0.0,0.0,0.0
0.0,0.0,0.0,0.0,0.0,0.109688535,0.0,0.0,0.0,0.17733629,0.0,0.0,0.0,0.0,0.0,0.0
0.0,0.0,0.0,0.0,0.0,0.109688535,0.0,0.0,0.0,0.17733629,0.0,0.0,0.0,0.0,0.0,0.0
0.0,0.0,0.0,0.0,0.0,0.109688535,0.0,0.0,0.0,0.17733629,0.0,0.0,0.0,0.0,0.0,0.0
0.0,0.0,0.0,0.0,0.0,0.109688535,0.0,0.0,0.0,0.17733629,0.0,0.0,0.0,0.0,0.0,0.0
0.0,0.0,0.0,0.0,0.0,0.109688535,0.0,0.0,0.0,0.17733629,0.0,0.0,0.0,0.0,0.0,0.0
0.0,0.0,0.0,0.0,0.0,0.109688535,0.0,0.0,0.0,0.17733629,0.0,0.0,0.0,0.0,0.0,0.0
0.0,0.0,0.0,0.0,0.0,0.109688535,0.0,0.0,0.0,0.17733629,0.0,0.0,0.0,0.0,0.0,0.0
0.0,0.0,0.0,0.0,0.0,0.109688535,0.0,0.0,0.0,0.17733629,0.0,0.0,0.0,0.0,0.0,0.0
0.0,0.0,0.0,0.0,0.0,0.109688535,0.0,0.0,0.0,0.17733629,0.0,0.0,0.0,0.0,0.0,0.0
0.0,0.0,0.0,0.0,0.0,0.109688535,0.0,0.0,0.0,0.17733629,0.0,0.0,0.0,0.0,0.0,0.0
0.0,0.0,0.0,0.0,0.0,0.109688535,0.0,0.0,0.0,0.17733629,0.0,0.0,0.0,0.0,0.0,0.0
0.0,0.0,0.0,0.0,0.0,0.109688535,0.0,0.0,0.0,0.17733629,0.0,0.0,0.0,0.0,0.0,0.0
0.0,0.0,0.0,0.0,0.0,0.109688535,0.0,0.0,0.0,0.17733629,0.0,0.0,0.0,0.0,0.0,0.0
0.0,0.0,0.0,0.0,0.0,0.109688535,0.0,0.0,0.0,0.17733629,0.0,0.0,0.0,0.0,0.0,0.0
0.0,0.0,0.0,0.0,0.0,0.109688535,0.0,0.0,0.0,0.17733629,0.0,0.0,0.0,0.0,0.0,0.0
0.0,0.0,0.0,0.0,0.0,0.109688535,0.0,0.0,0.0,0.17733629,0.0,0.0,0.0,0.0,0.0,0.0
0.0,0.0,0.0,0.0,0.0,0.109688535,0.0,0.0,0.0,0.17733629,0.0,0.0,0.0,0.0,0.0,0.0
0.0,0.0,0.0,0.0,0.0,0.109688535,0.0,0.0,0.0,0.17733629,0.0,0.0,0.0,0.0,0.0,0.0
0.0,0.0,0.0,0.0,0.0,0.109688535,0.0,0.0,0.0,0.17733629,0.0,0.0,0.0,0.0,0.0,0.0
0.0,0.0,0.0,0.0,0.0,0.109688535,0.0,0.0,0.0,0.17733629,0.0,0.0,0.0,0.0,0.0,0.0
0.0,0.0,0.0,0.0,0.0,0.109688535,0.0,0.0,0.0,0.17733629,0.0,0.0,0.0,0.0,0.0,0.0
0.0,0.0,0.0,0.0,0.0,0.109688535,0.0,0.0,0.0,0.17733629,0.0,0.0,0.0,0.0,0.0,0.0
0.0,0.0,0.0,0.0,0.0,0.109688535,0.0,0.0,0.0,0.17733629,0.0,0.0,0.0,0.0,0.0,0.0
0.0,0.0,0.0,0.0,0.0,0.109688535,0.0,0.0,0.0,0.17733629,0.0,0.0,0.0,0.0,0.0,0.0
0.0,0.0,0.0,0.0,0.0,0.109688535,0.0,0.0,0.0,0.17733629,0.0,0.0,0.0,0.0,0.0,0.0
0.0,0.0,0.0,0.0,0.0,0.109688535,0.0,0.0,0.0,0.17733629,0.0,0.0,0.0,0.0,0.0,0.0
0.0,0.0,0.0,0.0,0.0,0.109688535,0.0,0.0,0.0,0.17733629,0.0,0.0,0.0,0.0,0.0,0.0
0.0,0.0,0.0,0.0,0.0,0.109688535,0.0,0.0,0.0,0.17733629,0.0,0.0,0.0,0.0,0.0,0.0
0.0,0.0,0.0,0.0,0.0,0.109688535,0.0,0.0,0.0,0.17733629,0.0,0.0,0.0,0.0,0.0,0.0
0.0,0.0,0.0,0.0,0.0,0.109688535,0.0,0.0,0.0,0.17733629,0.0,0.0,0.0,0.0,0.0,0.0
0.0,0.0,0.0,0.0,0.0,0.109688535,0.0,0.0,0.0,0.17733629,0.0,0.0,0.0,0.0,0.0,0.0
0.0,0.0,0.0,0.0,0.0,0.109688535,0.0,0.0,0.0,0.17733629,0.0,0.0,0.0,0.0,0.0,0.0
0.0,0.0,0.0,0.0,0.0,0.109688535,0.0,0.0,0.0,0.17733629,0.0,0.0,0.0,0.0,0.0,0.0
0.0,0.0,0.0,0.0,0.0,0.109688535,0.0,0.0,0.0,0.17733629,0.0,0.0,0.0,0.0,0.0,0.0
0.0,0.0,0.0,0.0,0.0,0.109688535,0.0,0.0,0.0,0.17733629,0.0,0.0,0.0,0.0,0.0,0.0
0.0,0.0,0.0,0.0,0.0,0.109688535,0.0,0.0,0.0,0.17733629,0.0,0.0,0.0,0.0,0.0,0.0
0.0,0.0,0.0,0.0,0.0,0.109688535,0.0,0.0,0.0,0.17733629,0.0,0.0,0.0,0.0,0.0,0.0
0.0,0.0,0.0,0.0,0.0,0.109688535,0.0,0.0,0.0,0.17733629,0.0,0.0,0.0,0.0,0.0,0.0
0.0,0.0,0.0,0.0,0.0,0.109688535,0.0,0.0,0.0,0.17733629,0.0,0.0,0.0,0.0,0.0,0.0
0.0,0.0,0.0,0.0,0.0,0.109688535,0.0,0.0,0.0,0.17733629,0.0,0.0,0.0,0.0,0.0,0.0
0.0,0.0,0.0,0.0,0.0,0.109688535,0.0,0.0,0.0,0.17733629,0.0,0.0,0.0,0.0,0.0,0.0
0.0,0.0,0.0,0.0,0.0,0.109688535,0.0,0.0,0.0,0.17733629,0.0,0.0,0.0,0.0,0.0,0.0
0.0,0.0,0.0,0.0,0.0,0.109688535,0.0,0.0,0.0,0.17733629,0.0,0.0,0.0,0.0,0.0,0.0
0.0,0.0,0.0,0.0,0.0,0.109688535,0.0,0.0,0.0,0.17733629,0.0,0.0,0.0,0.0,0.0,0.0
0.0,0.0,0.0,0.0,0.0,0.109688535,0.0,0.0,0.0,0.17733629,0.0,0.0,0.0,0.0,0.0,0.0
0.0,0.0,0.0,0.0,0.0,0.109688535,0.0,0.0,0.0,0.17733629,0.0,0.0,0.0,0.0,0.0,0.0
0.0,0.0,0.0,0.0,0.0,0.109688535,0.0,0.0,0.0,0.17733629,0.0,0.0,0.0,0.0,0.0,0.0
0.0,0.0,0.0,0.0,0.0,0.109688535,0.0,0.0,0.0,0.17733629,0.0,0.0,0.0,0.0,0.0,0.0
0.0,0.0,0.0,0.0,0.0,0.109688535,0.0,0.0,0.0,0.17733629,0.0,0.0,0.0,0.0,0.0,0.0
0.0,0.0,0.0,0.0,0.0,0.109688535,0.0,0.0,0.0,0.17733629,0.0,0.0,0.0,0.0,0.0,0.0
0.0,0.0,0.0,0.0,0.0,0.109688535,0.0,0.0,0.0,0.17733629,0.0,0.0,0.0,0.0,0.0,0.0
0.0,0.0,0.0,0.0,0.0,0.109688535,0.0,0.0,0.0,0.17733629,0.0,0.0,0.0,0.0,0.0,0.0
0.0,0.0,0.0,0.0,0.0,0.109688535,0.0,0.0,0.0,0.17733629,0.0,0.0,0.0,0.0,0.0,0.0
0.0,0.0,0.0,0.0,0.0,0.109688535,0.0,0.0,0.0,0.17733629,0.0,0.0,0.0,0.0,0.0,0.0
0.0,0.0,0.0,0.0,0.0,0.109688535,0.0,0.0,0.0,0.17733629,0.0,0.0,0.0,0.0,0.0,0.0
0.0,0.0,0.0,0.0,0.0,0.109688535,0.0,0.0,0.0,0.17733629,0.0,0.0,0.0,0.0,0.0,0.0
0.0,0.0,0.0,0.0,0.0,0.109688535,0.0,0.0,0.0,0.17733629,0.0,0.0,0.0,0.0,0.0,0.0
0.0,0.0,0.0,0.0,0.0,0.109688535,0.0,0.0,0.0,0.17733629,0.0,0.0,0.0,0.0,0.0,0.0
0.0,0.0,0.0,0.0,0.0,0.109688535,0.0,0.0,0.0,0.17733629,0.0,0.0,0.0,0.0,0.0,0.0
0.0,0.0,0.0,0.0,0.0,0.109688535,0.0,0.0,0.0,0.17733629,0.0,0.0,0.0,0.0,0.0,0.0
0.0,0.0,0.0,0.0,0.0,0.109688535,0.0,0.0,0.0,0.17733629,0.0,0.0,0.0,0.0,0.0,0.0
0.0,0.0,0.0,0.0,0.0,0.109688535,0.0,0.0,0.0,0.17733629,0.0,0.0,0.0,0.0,0.0,0.0
0.0,0.0,0.0,0.0,0.0,0.109688535,0.0,0.0,0.0,0.17733629,0.0,0.0,0.0,0.0,0.0,0.0
0.0,0.0,0.0,0.0,0.0,0.109688535,0.0,0.0,0.0,0.17733629,0.0,0.0,0.0,0.0,0.0,0.0
0.0,0.0,0.0,0.0,0.0,0.109688535,0.0,0.0,0.0,0.17733629,0.0,0.0,0.0,0.0,0.0,0.0
0.0,0.0,0.0,0.0,0.0,0.109688535,0.0,0.0,0.0,0.17733629,0.0,0.0,0.0,0.0,0.0,0.0
0.0,0.0,0.0,0.0,0.0,0.109688535,0.0,0.0,0.0,0.17733629,0.0,0.0,0.0,0.0,0.0,0.0
0.0,0.0,0.0,0.0,0.0,0.109688535,0.0,0.0,0.0,0.17733629,0.0,0.0,0.0,0.0,0.0,0.0
0.0,0.0,0.0,0.0,0.0,0.109688535,0.0,0.0,0.0,0.17733629,0.0,0.0,0.0,0.0,0.0,0.0
0.0,0.0,0.0,0.0,0.0,0.109688535,0.0,0.0,0.0,0.17733629,0.0,0.0,0.0,0.0,0.0,0.0
0.0,0.0,0.0,0.0,0.0,0.109688535,0.0,0.0,0.0,0.17733629,0.0,0.0,0.0,0.0,0.0,0.0
0.0,0.0,0.0,0.0,0.0,0.109688535,0.0,0.0,0.0,0.17733629,0.0,0.0,0.0,0.0,0.0,0.0
0.0,0.0,0.0,0.0,0.0,0.109688535,0.0,0.0,0.0,0.17733629,0.0,0.0,0.0,0.0,0.0,0.0
0.0,0.0,0.0,0.0,0.0,0.109688535,0.0,0.0,0.0,0.17733629,0.0,0.0,0.0,0.0,0.0,0.0
0.0,0.0,0.0,0.0,0.0,0.109688535,0.0,0.0,0.0,0.17733629,0.0,0.0,0.0,0.0,0.0,0.0
0.0,0.0,0.0,0.0,0.0,0.109688535,0.0,0.0,0.0,0.17733629,0.0,0.0,0.0,0.0,0.0,0.0
0.0,0.0,0.0,0.0,0.0,0.109688535,0.0,0.0,0.0,0.17733629,0.0,0.0,0.0,0.0,0.0,0.0
0.0,0.0,0.0,0.0,0.0,0.109688535,0.0,0.0,0.0,0.17733629,0.0,0.0,0.0,0.0,0.0,0.0
0.0,0.0,0.0,0.0,0.0,0.109688535,0.0,0.0,0.0,0.17733629,0.0,0.0,0.0,0.0,0.0,0.0
0.0,0.0,0.0,0.0,0.0,0.109688535,0.0,0.0,0.0,0.17733629,0.0,0.0,0.0,0.0,0.0,0.0
0.0,0.0,0.0,0.0,0.0,0.109688535,0.0,0.0,0.0,0.17733629,0.0,0.0,0.0,0.0,0.0,0.0
0.0,0.0,0.0,0.0,0.0,0.109688535,0.0,0.0,0.0,0.17733629,0.0,0.0,0.0,0.0,0.0,0.0
0.0,0.0,0.0,0.0,0.0,0.109688535,0.0,0.0,0.0,0.17733629,0.0,0.0,0.0,0.0,0.0,0.0
0.0,0.0,0.0,0.0,0.0,0.109688535,0.0,0.0,0.0,0.17733629,0.0,0.0,0.0,0.0,0.0,0.0
0.0,0.0,0.0,0.0,0.0,0.109688535,0.0,0.0,0.0,0.17733629,0.0,0.0,0.0,0.0,0.0,0.0
0.0,0.0,0.0,0.0,0.0,0.109688535,0.0,0.0,0.0,0.17733629,0.0,0.0,0.0,0.0,0.0,0.0
0.0,0.0,0.0,0.0,0.0,0.109688535,0.0,0.0,0.0,0.17733629,0.0,0.0,0.0,0.0,0.0,0.0
0.0,0.0,0.0,0.0,0.0,0.109688535,0.0,0.0,0.0,0.17733629,0.0,0.0,0.0,0.0,0.0,0.0
0.0,0.0,0.0,0.0,0.0,0.109688535,0.0,0.0,0.0,0.17733629,0.0,0.0,0.0,0.0,0.0,0.0
0.0,0.0,0.0,0.0,0.0,0.109688535,0.0,0.0,0.0,0.17733629,0.0,0.0,0.0,0.0,0.0,0.0
0.0,0.0,0.0,0.0,0.0,0.109688535,0.0,0.0,0.0,0.17733629,0.0,0.0,0.0,0.0,0.0,0.0
0.0,0.0,0.0,0.0,0.0,0.109688535,0.0,0.0,0.0,0.17733629,0.0,0.0,0.0,0.0,0.0,0.0
0.0,0.0,0.0,0.0,0.0,0.109688535,0.0,0.0,0.0,0.17733629,0.0,0.0,0.0,0.0,0.0,0.0
0.0,0.0,0.0,0.0,0.0,0.109688535,0.0,0.0,0.0,0.17733629,0.0,0.0,0.0,0.0,0.0,0.0
0.0,0.0,0.0,0.0,0.0,0.109688535,0.0,0.0,0.0,0.17733629,0.0,0.0,0.0,0.0,0.0,0.0
0.0,0.0,0.0,0.0,0.0,0.109688535,0.0,0.0,0.0,0.17733629,0.0,0.0,0.0,0.0,0.0,0.0
0.0,0.0,0.0,0.0,0.0,0.109688535,0.0,0.0,0.0,0.17733629,0.0,0.0,0.0,0.0,0.0,0.0
0.0,0.0,0.0,0.0,0.0,0.109688535,0.0,0.0,0.0,0.17733629,0.0,0.0,0.0,0.0,0.0,0.0
0.0,0.0,0.0,0.0,0.0,0.109688535,0.0,0.0,0.0,0.17733629,0.0,0.0,0.0,0.0,0.0,0.0
0.0,0.0,0.0,0.0,0.0,0.109688535,0.0,0.0,0.0,0.17733629,0.0,0.0,0.0,0.0,0.0,0.0
0.0,0.0,0.0,0.0,0.0,0.109688535,0.0,0.0,0.0,0.17733629,0.0,0.0,0.0,0.0,0.0,0.0
0.0,0.0,0.0,0.0,0.0,0.109688535,0.0,0.0,0.0,0.17733629,0.0,0.0,0.0,0.0,0.0,0.0
0.0,0.0,0.0,0.0,0.0,0.109688535,0.0,0.0,0.0,0.17733629,0.0,0.0,0.0,0.0,0.0,0.0
0.0,0.0,0.0,0.0,0.0,0.109688535,0.0,0.0,0.0,0.17733629,0.0,0.0,0.0,0.0,0.0,0.0
0.0,0.0,0.0,0.0,0.0,0.109688535,0.0,0.0,0.0,0.17733629,0.0,0.0,0.0,0.0,0.0,0.0
0.0,0.0,0.0,0.0,0.0,0.109688535,0.0,0.0,0.0,0.17733629,0.0,0.0,0.0,0.0,0.0,0.0
0.0,0.0,0.0,0.0,0.0,0.109688535,0.0,0.0,0.0,0.17733629,0.0,0.0,0.0,0.0,0.0,0.0
0.0,0.0,0.0,0.0,0.0,0.109688535,0.0,0.0,0.0,0.17733629,0.0,0.0,0.0,0.0,0.0,0.0
0.0,0.0,0.0,0.0,0.0,0.109688535,0.0,0.0,0.0,0.17733629,0.0,0.0,0.0,0.0,0.0,0.0
0.0,0.0,0.0,0.0,0.0,0.109688535,0.0,0.0,0.0,0.17733629,0.0,0.0,0.0,0.0,0.0,0.0
0.0,0.0,0.0,0.0,0.0,0.109688535,0.0,0.0,0.0,0.17733629,0.0,0.0,0.0,0.0,0.0,0.0
0.0,0.0,0.0,0.0,0.0,0.109688535,0.0,0.0,0.0,0.17733629,0.0,0.0,0.0,0.0,0.0,0.0
0.0,0.0,0.0,0.0,0.0,0.109688535,0.0,0.0,0.0,0.17733629,0.0,0.0,0.0,0.0,0.0,0.0
0.0,0.0,0.0,0.0,0.0,0.109688535,0.0,0.0,0.0,0.17733629,0.0,0.0,0.0,0.0,0.0,0.0
0.0,0.0,0.0,0.0,0.0,0.109688535,0.0,0.0,0.0,0.17733629,0.0,0.0,0.0,0.0,0.0,0.0
0.0,0.0,0.0,0.0,0.0,0.109688535,0.0,0.0,0.0,0.17733629,0.0,0.0,0.0,0.0,0.0,0.0
0.0,0.0,0.0,0.0,0.0,0.109688535,0.0,0.0,0.0,0.17733629,0.0,0.0,0.0,0.0,0.0,0.0
0.0,0.0,0.0,0.0,0.0,0.109688535,0.0,0.0,0.0,0.17733629,0.0,0.0,0.0,0.0,0.0,0.0
0.0,0.0,0.0,0.0,0.0,0.109688535,0.0,0.0,0.0,0.17733629,0.0,0.0,0.0,0.0,0.0,0.0
0.0,0.0,0.0,0.0,0.0,0.109688535,0.0,0.0,0.0,0.17733629,0.0,0.0,0.0,0.0,0.0,0.0
0.0,0.0,0.0,0.0,0.0,0.109688535,0.0,0.0,0.0,0.17733629,0.0,0.0,0.0,0.0,0.0,0.0
0.0,0.0,0.0,0.0,0.0,0.109688535,0.0,0.0,0.0,0.17733629,0.0,0.0,0.0,0.0,0.0,0.0
0.0,0.0,0.0,0.0,0.0,0.109688535,0.0,0.0,0.0,0.17733629,0.0,0.0,0.0,0.0,0.0,0.0
0.0,0.0,0.0,0.0,0.0,0.109688535,0.0,0.0,0.0,0.17733629,0.0,0.0,0.0,0.0,0.0,0.0
0.0,0.0,0.0,0.0,0.0,0.109688535,0.0,0.0,0.0,0.17733629,0.0,0.0,0.0,0.0,0.0,0.0
0.0,0.0,0.0,0.0,0.0,0.109688535,0.0,0.0,0.0,0.17733629,0.0,0.0,0.0,0.0,0.0,0.0
0.0,0.0,0.0,0.0,0.0,0.109688535,0.0,0.0,0.0,0.17733629,0.0,0.0,0.0,0.0,0.0,0.0
0.0,0.0,0.0,0.0,0.0,0.109688535,0.0,0.0,0.0,0.17733629,0.0,0.0,0.0,0.0,0.0,0.0
0.0,0.0,0.0,0.0,0.0,0.109688535,0.0,0.0,0.0,0.17733629,0.0,0.0,0.0,0.0,0.0,0.0
0.0,0.0,0.0,0.0,0.0,0.109688535,0.0,0.0,0.0,0.17733629,0.0,0.0,0.0,0.0,0.0,0.0
0.0,0.0,0.0,0.0,0.0,0.109688535,0.0,0.0,0.0,0.17733629,0.0,0.0,0.0,0.0,0.0,0.0
0.0,0.0,0.0,0.0,0.0,0.109688535,0.0,0.0,0.0,0.17733629,0.0,0.0,0.0,0.0,0.0,0.0
0.0,0.0,0.0,0.0,0.0,0.109688535,0.0,0.0,0.0,0.17733629,0.0,0.0,0.0,0.0,0.0,0.0
0.0,0.0,0.0,0.0,0.0,0.109688535,0.0,0.0,0.0,0.17733629,0.0,0.0,0.0,0.0,0.0,0.0
0.0,0.0,0.0,0.0,0.0,0.10841498,0.0,0.0,0.0,0.17754534,0.0,0.0,0.0,0.0,0.0,0.0
0.0,0.0,0.0,0.0,0.0,0.109688535,0.0,0.0,0.0,0.17733629,0.0,0.0,0.0,0.0,0.0,0.0
0.0,0.0,0.0,0.0,0.0,0.109688535,0.0,0.0,0.0,0.17733629,0.0,0.0,0.0,0.0,0.0,0.0
0.0,0.0,0.0,0.0,0.0,0.109688535,0.0,0.0,0.0,0.17733629,0.0,0.0,0.0,0.0,0.0,0.0
0.0,0.0,0.0,0.0,0.0,0.109688535,0.0,0.0,0.0,0.17733629,0.0,0.0,0.0,0.0,0.0,0.0
0.0,0.0,0.0,0.0,0.0,0.109688535,0.0,0.0,0.0,0.17733629,0.0,0.0,0.0,0.0,0.0,0.0
0.0,0.0,0.0,0.0,0.0,0.109688535,0.0,0.0,0.0,0.17733629,0.0,0.0,0.0,0.0,0.0,0.0
0.0,0.0,0.0,0.0,0.0,0.109688535,0.0,0.0,0.0,0.17733629,0.0,0.0,0.0,0.0,0.0,0.0
0.0,0.0,0.0,0.0,0.0,0.109688535,0.0,0.0,0.0,0.17733629,0.0,0.0,0.0,0.0,0.0,0.0
0.0,0.0,0.0,0.0,0.0,0.109688535,0.0,0.0,0.0,0.17733629,0.0,0.0,0.0,0.0,0.0,0.0
0.0,0.0,0.0,0.0,0.0,0.109688535,0.0,0.0,0.0,0.17733629,0.0,0.0,0.0,0.0,0.0,0.0
0.0,0.0,0.0,0.0,0.0,0.109688535,0.0,0.0,0.0,0.17733629,0.0,0.0,0.0,0.0,0.0,0.0
0.0,0.0,0.0,0.0,0.0,0.109688535,0.0,0.0,0.0,0.17733629,0.0,0.0,0.0,0.0,0.0,0.0
0.0,0.0,0.0,0.0,0.0,0.109688535,0.0,0.0,0.0,0.17733629,0.0,0.0,0.0,0.0,0.0,0.0
0.0,0.0,0.0,0.0,0.0,0.109688535,0.0,0.0,0.0,0.17733629,0.0,0.0,0.0,0.0,0.0,0.0
0.0,0.0,0.0,0.0,0.0,0.109688535,0.0,0.0,0.0,0.17733629,0.0,0.0,0.0,0.0,0.0,0.0
0.0,0.0,0.0,0.0,0.0,0.109688535,0.0,0.0,0.0,0.17733629,0.0,0.0,0.0,0.0,0.0,0.0
0.0,0.0,0.0,0.0,0.0,0.109688535,0.0,0.0,0.0,0.17733629,0.0,0.0,0.0,0.0,0.0,0.0
0.0,0.0,0.0,0.0,0.0,0.109688535,0.0,0.0,0.0,0.17733629,0.0,0.0,0.0,0.0,0.0,0.0
0.0,0.0,0.0,0.0,0.0,0.109688535,0.0,0.0,0.0,0.17733629,0.0,0.0,0.0,0.0,0.0,0.0
0.0,0.0,0.0,0.0,0.0,0.109688535,0.0,0.0,0.0,0.17733629,0.0,0.0,0.0,0.0,0.0,0.0
0.0,0.0,0.0,0.0,0.0,0.109688535,0.0,0.0,0.0,0.17733629,0.0,0.0,0.0,0.0,0.0,0.0
0.0,0.0,0.0,0.0,0.0,0.109688535,0.0,0.0,0.0,0.17733629,0.0,0.0,0.0,0.0,0.0,0.0
0.0,0.0,0.0,0.0,0.0,0.109688535,0.0,0.0,0.0,0.17733629,0.0,0.0,0.0,0.0,0.0,0.0
0.0,0.0,0.0,0.0,0.0,0.109688535,0.0,0.0,0.0,0.17733629,0.0,0.0,0.0,0.0,0.0,0.0
0.0,0.0,0.0,0.0,0.0,0.109688535,0.0,0.0,0.0,0.17733629,0.0,0.0,0.0,0.0,0.0,0.0
0.0,0.0,0.0,0.0,0.0,0.109688535,0.0,0.0,0.0,0.17733629,0.0,0.0,0.0,0.0,0.0,0.0
0.0,0.0,0.0,0.0,0.0,0.109688535,0.0,0.0,0.0,0.17733629,0.0,0.0,0.0,0.0,0.0,0.0
0.0,0.0,0.0,0.0,0.0,0.109688535,0.0,0.0,0.0,0.17733629,0.0,0.0,0.0,0.0,0.0,0.0
0.0,0.0,0.0,0.0,0.0,0.109688535,0.0,0.0,0.0,0.17733629,0.0,0.0,0.0,0.0,0.0,0.0
0.0,0.0,0.0,0.0,0.0,0.109688535,0.0,0.0,0.0,0.17733629,0.0,0.0,0.0,0.0,0.0,0.0
0.0,0.0,0.0,0.0,0.0,0.109688535,0.0,0.0,0.0,0.17733629,0.0,0.0,0.0,0.0,0.0,0.0
0.0,0.0,0.0,0.0,0.0,0.109688535,0.0,0.0,0.0,0.17733629,0.0,0.0,0.0,0.0,0.0,0.0
0.0,0.0,0.0,0.0,0.0,0.109688535,0.0,0.0,0.0,0.17733629,0.0,0.0,0.0,0.0,0.0,0.0
0.0,0.0,0.0,0.0,0.0,0.109688535,0.0,0.0,0.0,0.17733629,0.0,0.0,0.0,0.0,0.0,0.0
0.0,0.0,0.0,0.0,0.0,0.109688535,0.0,0.0,0.0,0.17733629,0.0,0.0,0.0,0.0,0.0,0.0
0.0,0.0,0.0,0.0,0.0,0.109688535,0.0,0.0,0.0,0.17733629,0.0,0.0,0.0,0.0,0.0,0.0
0.0,0.0,0.0,0.0,0.0,0.109688535,0.0,0.0,0.0,0.17733629,0.0,0.0,0.0,0.0,0.0,0.0
0.0,0.0,0.0,0.0,0.0,0.109688535,0.0,0.0,0.0,0.17733629,0.0,0.0,0.0,0.0,0.0,0.0
0.0,0.0,0.0,0.0,0.0,0.109688535,0.0,0.0,0.0,0.17733629,0.0,0.0,0.0,0.0,0.0,0.0
0.0,0.0,0.0,0.0,0.0,0.109688535,0.0,0.0,0.0,0.17733629,0.0,0.0,0.0,0.0,0.0,0.0
0.0,0.0,0.0,0.0,0.0,0.109688535,0.0,0.0,0.0,0.17733629,0.0,0.0,0.0,0.0,0.0,0.0
0.0,0.0,0.0,0.0,0.0,0.109688535,0.0,0.0,0.0,0.17733629,0.0,0.0,0.0,0.0,0.0,0.0
0.0,0.0,0.0,0.0,0.0,0.109688535,0.0,0.0,0.0,0.17733629,0.0,0.0,0.0,0.0,0.0,0.0
0.0,0.0,0.0,0.0,0.0,0.109688535,0.0,0.0,0.0,0.17733629,0.0,0.0,0.0,0.0,0.0,0.0
0.0,0.0,0.0,0.0,0.0,0.109688535,0.0,0.0,0.0,0.17733629,0.0,0.0,0.0,0.0,0.0,0.0
0.0,0.0,0.0,0.0,0.0,0.109688535,0.0,0.0,0.0,0.17733629,0.0,0.0,0.0,0.0,0.0,0.0
0.0,0.0,0.0,0.0,0.0,0.109688535,0.0,0.0,0.0,0.17733629,0.0,0.0,0.0,0.0,0.0,0.0
0.0,0.0,0.0,0.0,0.0,0.109688535,0.0,0.0,0.0,0.17733629,0.0,0.0,0.0,0.0,0.0,0.0
0.0,0.0,0.0,0.0,0.0,0.109688535,0.0,0.0,0.0,0.17733629,0.0,0.0,0.0,0.0,0.0,0.0
0.0,0.0,0.0,0.0,0.0,0.109688535,0.0,0.0,0.0,0.17733629,0.0,0.0,0.0,0.0,0.0,0.0
0.0,0.0,0.0,0.0,0.0,0.109688535,0.0,0.0,0.0,0.17733629,0.0,0.0,0.0,0.0,0.0,0.0
0.0,0.0,0.0,0.0,0.0,0.109688535,0.0,0.0,0.0,0.17733629,0.0,0.0,0.0,0.0,0.0,0.0
0.0,0.0,0.0,0.0,0.0,0.109688535,0.0,0.0,0.0,0.17733629,0.0,0.0,0.0,0.0,0.0,0.0
0.0,0.0,0.0,0.0,0.0,0.109688535,0.0,0.0,0.0,0.17733629,0.0,0.0,0.0,0.0,0.0,0.0
0.0,0.0,0.0,0.0,0.0,0.109688535,0.0,0.0,0.0,0.17733629,0.0,0.0,0.0,0.0,0.0,0.0
0.0,0.0,0.0,0.0,0.0,0.109688535,0.0,0.0,0.0,0.17733629,0.0,0.0,0.0,0.0,0.0,0.0
0.0,0.0,0.0,0.0,0.0,0.109688535,0.0,0.0,0.0,0.17733629,0.0,0.0,0.0,0.0,0.0,0.0
0.0,0.0,0.0,0.0,0.0,0.109688535,0.0,0.0,0.0,0.17733629,0.0,0.0,0.0,0.0,0.0,0.0
0.0,0.0,0.0,0.0,0.0,0.109688535,0.0,0.0,0.0,0.17733629,0.0,0.0,0.0,0.0,0.0,0.0
0.0,0.0,0.0,0.0,0.0,0.109688535,0.0,0.0,0.0,0.17733629,0.0,0.0,0.0,0.0,0.0,0.0
0.0,0.0,0.0,0.0,0.0,0.109688535,0.0,0.0,0.0,0.17733629,0.0,0.0,0.0,0.0,0.0,0.0
0.0,0.0,0.0,0.0,0.0,0.109688535,0.0,0.0,0.0,0.17733629,0.0,0.0,0.0,0.0,0.0,0.0
0.0,0.0,0.0,0.0,0.0,0.109688535,0.0,0.0,0.0,0.17733629,0.0,0.0,0.0,0.0,0.0,0.0
0.0,0.0,0.0,0.0,0.0,0.109688535,0.0,0.0,0.0,0.17733629,0.0,0.0,0.0,0.0,0.0,0.0
0.0,0.0,0.0,0.0,0.0,0.109688535,0.0,0.0,0.0,0.17733629,0.0,0.0,0.0,0.0,0.0,0.0
0.0,0.0,0.0,0.0,0.0,0.109688535,0.0,0.0,0.0,0.17733629,0.0,0.0,0.0,0.0,0.0,0.0
0.0,0.0,0.0,0.0,0.0,0.109688535,0.0,0.0,0.0,0.17733629,0.0,0.0,0.0,0.0,0.0,0.0
0.0,0.0,0.0,0.0,0.0,0.109688535,0.0,0.0,0.0,0.17733629,0.0,0.0,0.0,0.0,0.0,0.0
0.0,0.0,0.0,0.0,0.0,0.109688535,0.0,0.0,0.0,0.17733629,0.0,0.0,0.0,0.0,0.0,0.0
0.0,0.0,0.0,0.0,0.0,0.109688535,0.0,0.0,0.0,0.17733629,0.0,0.0,0.0,0.0,0.0,0.0
0.0,0.0,0.0,0.0,0.0,0.109688535,0.0,0.0,0.0,0.17733629,0.0,0.0,0.0,0.0,0.0,0.0
0.0,0.0,0.0,0.0,0.0,0.109688535,0.0,0.0,0.0,0.17733629,0.0,0.0,0.0,0.0,0.0,0.0
0.0,0.0,0.0,0.0,0.0,0.109688535,0.0,0.0,0.0,0.17733629,0.0,0.0,0.0,0.0,0.0,0.0
0.0,0.0,0.0,0.0,0.0,0.109688535,0.0,0.0,0.0,0.17733629,0.0,0.0,0.0,0.0,0.0,0.0
0.0,0.0,0.0,0.0,0.0,0.109688535,0.0,0.0,0.0,0.17733629,0.0,0.0,0.0,0.0,0.0,0.0
0.0,0.0,0.0,0.0,0.0,0.109688535,0.0,0.0,0.0,0.17733629,0.0,0.0,0.0,0.0,0.0,0.0
0.0,0.0,0.0,0.0,0.0,0.109688535,0.0,0.0,0.0,0.17733629,0.0,0.0,0.0,0.0,0.0,0.0
0.0,0.0,0.0,0.0,0.0,0.109688535,0.0,0.0,0.0,0.17733629,0.0,0.0,0.0,0.0,0.0,0.0
0.0,0.0,0.0,0.0,0.0,0.109688535,0.0,0.0,0.0,0.17733629,0.0,0.0,0.0,0.0,0.0,0.0
0.0,0.0,0.0,0.0,0.0,0.109688535,0.0,0.0,0.0,0.17733629,0.0,0.0,0.0,0.0,0.0,0.0
0.0,0.0,0.0,0.0,0.0,0.109688535,0.0,0.0,0.0,0.17733629,0.0,0.0,0.0,0.0,0.0,0.0
0.0,0.0,0.0,0.0,0.0,0.109688535,0.0,0.0,0.0,0.17733629,0.0,0.0,0.0,0.0,0.0,0.0
0.0,0.0,0.0,0.0,0.0,0.109688535,0.0,0.0,0.0,0.17733629,0.0,0.0,0.0,0.0,0.0,0.0
0.0,0.0,0.0,0.0,0.0,0.109688535,0.0,0.0,0.0,0.17733629,0.0,0.0,0.0,0.0,0.0,0.0
0.0,0.0,0.0,0.0,0.0,0.109688535,0.0,0.0,0.0,0.17733629,0.0,0.0,0.0,0.0,0.0,0.0
0.0,0.0,0.0,0.0,0.0,0.109688535,0.0,0.0,0.0,0.17733629,0.0,0.0,0.0,0.0,0.0,0.0
0.0,0.0,0.0,0.0,0.0,0.109688535,0.0,0.0,0.0,0.17733629,0.0,0.0,0.0,0.0,0.0,0.0
0.0,0.0,0.0,0.0,0.0,0.109688535,0.0,0.0,0.0,0.17733629,0.0,0.0,0.0,0.0,0.0,0.0
0.0,0.0,0.0,0.0,0.0,0.109688535,0.0,0.0,0.0,0.17733629,0.0,0.0,0.0,0.0,0.0,0.0
0.0,0.0,0.0,0.0,0.0,0.109688535,0.0,0.0,0.0,0.17733629,0.0,0.0,0.0,0.0,0.0,0.0
0.0,0.0,0.0,0.0,0.0,0.109688535,0.0,0.0,0.0,0.17733629,0.0,0.0,0.0,0.0,0.0,0.0
0.0,0.0,0.0,0.0,0.0,0.109688535,0.0,0.0,0.0,0.17733629,0.0,0.0,0.0,0.0,0.0,0.0
0.0,0.0,0.0,0.0,0.0,0.109688535,0.0,0.0,0.0,0.17733629,0.0,0.0,0.0,0.0,0.0,0.0
0.0,0.0,0.0,0.0,0.0,0.109688535,0.0,0.0,0.0,0.17733629,0.0,0.0,0.0,0.0,0.0,0.0
0.0,0.0,0.0,0.0,0.0,0.109688535,0.0,0.0,0.0,0.17733629,0.0,0.0,0.0,0.0,0.0,0.0
0.0,0.0,0.0,0.0,0.0,0.109688535,0.0,0.0,0.0,0.17733629,0.0,0.0,0.0,0.0,0.0,0.0
0.0,0.0,0.0,0.0,0.0,0.109688535,0.0,0.0,0.0,0.17733629,0.0,0.0,0.0,0.0,0.0,0.0
0.0,0.0,0.0,0.0,0.0,0.109688535,0.0,0.0,0.0,0.17733629,0.0,0.0,0.0,0.0,0.0,0.0
0.0,0.0,0.0,0.0,0.0,0.109688535,0.0,0.0,0.0,0.17733629,0.0,0.0,0.0,0.0,0.0,0.0
0.0,0.0,0.0,0.0,0.0,0.109688535,0.0,0.0,0.0,0.17733629,0.0,0.0,0.0,0.0,0.0,0.0
0.0,0.0,0.0,0.0,0.0,0.109688535,0.0,0.0,0.0,0.17733629,0.0,0.0,0.0,0.0,0.0,0.0
0.0,0.0,0.0,0.0,0.0,0.109688535,0.0,0.0,0.0,0.17733629,0.0,0.0,0.0,0.0,0.0,0.0
0.0,0.0,0.0,0.0,0.0,0.109688535,0.0,0.0,0.0,0.17733629,0.0,0.0,0.0,0.0,0.0,0.0
0.0,0.0,0.0,0.0,0.0,0.109688535,0.0,0.0,0.0,0.17733629,0.0,0.0,0.0,0.0,0.0,0.0
0.0,0.0,0.0,0.0,0.0,0.109688535,0.0,0.0,0.0,0.17733629,0.0,0.0,0.0,0.0,0.0,0.0
0.0,0.0,0.0,0.0,0.0,0.109688535,0.0,0.0,0.0,0.17733629,0.0,0.0,0.0,0.0,0.0,0.0
0.0,0.0,0.0,0.0,0.0,0.109688535,0.0,0.0,0.0,0.17733629,0.0,0.0,0.0,0.0,0.0,0.0
0.0,0.0,0.0,0.0,0.0,0.109688535,0.0,0.0,0.0,0.17733629,0.0,0.0,0.0,0.0,0.0,0.0
0.0,0.0,0.0,0.0,0.0,0.109688535,0.0,0.0,0.0,0.17733629,0.0,0.0,0.0,0.0,0.0,0.0
0.0,0.0,0.0,0.0,0.0,0.109688535,0.0,0.0,0.0,0.17733629,0.0,0.0,0.0,0.0,0.0,0.0
0.0,0.0,0.0,0.0,0.0,0.109688535,0.0,0.0,0.0,0.17733629,0.0,0.0,0.0,0.0,0.0,0.0
0.0,0.0,0.0,0.0,0.0,0.109688535,0.0,0.0,0.0,0.17733629,0.0,0.0,0.0,0.0,0.0,0.0
0.0,0.0,0.0,0.0,0.0,0.109688535,0.0,0.0,0.0,0.17733629,0.0,0.0,0.0,0.0,0.0,0.0
0.0,0.0,0.0,0.0,0.0,0.109688535,0.0,0.0,0.0,0.17733629,0.0,0.0,0.0,0.0,0.0,0.0
0.0,0.0,0.0,0.0,0.0,0.109688535,0.0,0.0,0.0,0.17733629,0.0,0.0,0.0,0.0,0.0,0.0
0.0,0.0,0.0,0.0,0.0,0.109688535,0.0,0.0,0.0,0.17733629,0.0,0.0,0.0,0.0,0.0,0.0
0.0,0.0,0.0,0.0,0.0,0.109688535,0.0,0.0,0.0,0.17733629,0.0,0.0,0.0,0.0,0.0,0.0
0.0,0.0,0.0,0.0,0.0,0.109688535,0.0,0.0,0.0,0.17733629,0.0,0.0,0.0,0.0,0.0,0.0
0.0,0.0,0.0,0.0,0.0,0.109688535,0.0,0.0,0.0,0.17733629,0.0,0.0,0.0,0.0,0.0,0.0
0.0,0.0,0.0,0.0,0.0,0.109688535,0.0,0.0,0.0,0.17733629,0.0,0.0,0.0,0.0,0.0,0.0
0.0,0.0,0.0,0.0,0.0,0.109688535,0.0,0.0,0.0,0.17733629,0.0,0.0,0.0,0.0,0.0,0.0
0.0,0.0,0.0,0.0,0.0,0.109688535,0.0,0.0,0.0,0.17733629,0.0,0.0,0.0,0.0,0.0,0.0
0.0,0.0,0.0,0.0,0.0,0.109688535,0.0,0.0,0.0,0.17733629,0.0,0.0,0.0,0.0,0.0,0.0
0.0,0.0,0.0,0.0,0.0,0.109688535,0.0,0.0,0.0,0.17733629,0.0,0.0,0.0,0.0,0.0,0.0
0.0,0.0,0.0,0.0,0.0,0.109688535,0.0,0.0,0.0,0.17733629,0.0,0.0,0.0,0.0,0.0,0.0
0.0,0.0,0.0,0.0,0.0,0.109688535,0.0,0.0,0.0,0.17733629,0.0,0.0,0.0,0.0,0.0,0.0
0.0,0.0,0.0,0.0,0.0,0.109688535,0.0,0.0,0.0,0.17733629,0.0,0.0,0.0,0.0,0.0,0.0
0.0,0.0,0.0,0.0,0.0,0.109688535,0.0,0.0,0.0,0.17733629,0.0,0.0,0.0,0.0,0.0,0.0
0.0,0.0,0.0,0.0,0.0,0.109688535,0.0,0.0,0.0,0.17733629,0.0,0.0,0.0,0.0,0.0,0.0
0.0,0.0,0.0,0.0,0.0,0.109688535,0.0,0.0,0.0,0.17733629,0.0,0.0,0.0,0.0,0.0,0.0
0.0,0.0,0.0,0.0,0.0,0.109688535,0.0,0.0,0.0,0.17733629,0.0,0.0,0.0,0.0,0.0,0.0
0.0,0.0,0.0,0.0,0.0,0.109688535,0.0,0.0,0.0,0.17733629,0.0,0.0,0.0,0.0,0.0,0.0
0.0,0.0,0.0,0.0,0.0,0.109688535,0.0,0.0,0.0,0.17733629,0.0,0.0,0.0,0.0,0.0,0.0
0.0,0.0,0.0,0.0,0.0,0.109688535,0.0,0.0,0.0,0.17733629,0.0,0.0,0.0,0.0,0.0,0.0
0.0,0.0,0.0,0.0,0.0,0.109688535,0.0,0.0,0.0,0.17733629,0.0,0.0,0.0,0.0,0.0,0.0
0.0,0.0,0.0,0.0,0.0,0.109688535,0.0,0.0,0.0,0.17733629,0.0,0.0,0.0,0.0,0.0,0.0
0.0,0.0,0.0,0.0,0.0,0.109688535,0.0,0.0,0.0,0.17733629,0.0,0.0,0.0,0.0,0.0,0.0
0.0,0.0,0.0,0.0,0.0,0.109688535,0.0,0.0,0.0,0.17733629,0.0,0.0,0.0,0.0,0.0,0.0
0.0,0.0,0.0,0.0,0.0,0.109688535,0.0,0.0,0.0,0.17733629,0.0,0.0,0.0,0.0,0.0,0.0
0.0,0.0,0.0,0.0,0.0,0.109688535,0.0,0.0,0.0,0.17733629,0.0,0.0,0.0,0.0,0.0,0.0
0.0,0.0,0.0,0.0,0.0,0.109688535,0.0,0.0,0.0,0.17733629,0.0,0.0,0.0,0.0,0.0,0.0
0.0,0.0,0.0,0.0,0.0,0.109688535,0.0,0.0,0.0,0.17733629,0.0,0.0,0.0,0.0,0.0,0.0
0.0,0.0,0.0,0.0,0.0,0.109688535,0.0,0.0,0.0,0.17733629,0.0,0.0,0.0,0.0,0.0,0.0
0.0,0.0,0.0,0.0,0.0,0.109688535,0.0,0.0,0.0,0.17733629,0.0,0.0,0.0,0.0,0.0,0.0
0.0,0.0,0.0,0.0,0.0,0.109688535,0.0,0.0,0.0,0.17733629,0.0,0.0,0.0,0.0,0.0,0.0
0.0,0.0,0.0,0.0,0.0,0.109688535,0.0,0.0,0.0,0.17733629,0.0,0.0,0.0,0.0,0.0,0.0
0.0,0.0,0.0,0.0,0.0,0.109688535,0.0,0.0,0.0,0.17733629,0.0,0.0,0.0,0.0,0.0,0.0
0.0,0.0,0.0,0.0,0.0,0.109688535,0.0,0.0,0.0,0.17733629,0.0,0.0,0.0,0.0,0.0,0.0
0.0,0.0,0.0,0.0,0.0,0.109688535,0.0,0.0,0.0,0.17733629,0.0,0.0,0.0,0.0,0.0,0.0
0.0,0.0,0.0,0.0,0.0,0.109688535,0.0,0.0,0.0,0.17733629,0.0,0.0,0.0,0.0,0.0,0.0
0.0,0.0,0.0,0.0,0.0,0.109688535,0.0,0.0,0.0,0.17733629,0.0,0.0,0.0,0.0,0.0,0.0
0.0,0.0,0.0,0.0,0.0,0.109688535,0.0,0.0,0.0,0.17733629,0.0,0.0,0.0,0.0,0.0,0.0
0.0,0.0,0.0,0.0,0.0,0.109688535,0.0,0.0,0.0,0.17733629,0.0,0.0,0.0,0.0,0.0,0.0
0.0,0.0,0.0,0.0,0.0,0.109688535,0.0,0.0,0.0,0.17733629,0.0,0.0,0.0,0.0,0.0,0.0
0.0,0.0,0.0,0.0,0.0,0.109688535,0.0,0.0,0.0,0.17733629,0.0,0.0,0.0,0.0,0.0,0.0
0.0,0.0,0.0,0.0,0.0,0.109688535,0.0,0.0,0.0,0.17733629,0.0,0.0,0.0,0.0,0.0,0.0
0.0,0.0,0.0,0.0,0.0,0.109688535,0.0,0.0,0.0,0.17733629,0.0,0.0,0.0,0.0,0.0,0.0
0.0,0.0,0.0,0.0,0.0,0.109688535,0.0,0.0,0.0,0.17733629,0.0,0.0,0.0,0.0,0.0,0.0
0.0,0.0,0.0,0.0,0.0,0.109688535,0.0,0.0,0.0,0.17733629,0.0,0.0,0.0,0.0,0.0,0.0
0.0,0.0,0.0,0.0,0.0,0.109688535,0.0,0.0,0.0,0.17733629,0.0,0.0,0.0,0.0,0.0,0.0
0.0,0.0,0.0,0.0,0.0,0.109688535,0.0,0.0,0.0,0.17733629,0.0,0.0,0.0,0.0,0.0,0.0
0.0,0.0,0.0,0.0,0.0,0.109688535,0.0,0.0,0.0,0.17733629,0.0,0.0,0.0,0.0,0.0,0.0
0.0,0.0,0.0,0.0,0.0,0.109688535,0.0,0.0,0.0,0.17733629,0.0,0.0,0.0,0.0,0.0,0.0
0.0,0.0,0.0,0.0,0.0,0.109688535,0.0,0.0,0.0,0.17733629,0.0,0.0,0.0,0.0,0.0,0.0
0.0,0.0,0.0,0.0,0.0,0.109688535,0.0,0.0,0.0,0.17733629,0.0,0.0,0.0,0.0,0.0,0.0
0.0,0.0,0.0,0.0,0.0,0.109688535,0.0,0.0,0.0,0.17733629,0.0,0.0,0.0,0.0,0.0,0.0
0.0,0.0,0.0,0.0,0.0,0.109688535,0.0,0.0,0.0,0.17733629,0.0,0.0,0.0,0.0,0.0,0.0
0.0,0.0,0.0,0.0,0.0,0.109688535,0.0,0.0,0.0,0.17733629,0.0,0.0,0.0,0.0,0.0,0.0
0.0,0.0,0.0,0.0,0.0,0.109688535,0.0,0.0,0.0,0.17733629,0.0,0.0,0.0,0.0,0.0,0.0
0.0,0.0,0.0,0.0,0.0,0.109688535,0.0,0.0,0.0,0.17733629,0.0,0.0,0.0,0.0,0.0,0.0
0.0,0.0,0.0,0.0,0.0,0.109688535,0.0,0.0,0.0,0.17733629,0.0,0.0,0.0,0.0,0.0,0.0
0.0,0.0,0.0,0.0,0.0,0.109688535,0.0,0.0,0.0,0.17733629,0.0,0.0,0.0,0.0,0.0,0.0
0.0,0.0,0.0,0.0,0.0,0.109688535,0.0,0.0,0.0,0.17733629,0.0,0.0,0.0,0.0,0.0,0.0
0.0,0.0,0.0,0.0,0.0,0.109688535,0.0,0.0,0.0,0.17733629,0.0,0.0,0.0,0.0,0.0,0.0
0.0,0.0,0.0,0.0,0.0,0.109688535,0.0,0.0,0.0,0.17733629,0.0,0.0,0.0,0.0,0.0,0.0
0.0,0.0,0.0,0.0,0.0,0.109688535,0.0,0.0,0.0,0.17733629,0.0,0.0,0.0,0.0,0.0,0.0
0.0,0.0,0.0,0.0,0.0,0.109688535,0.0,0.0,0.0,0.17733629,0.0,0.0,0.0,0.0,0.0,0.0
0.0,0.0,0.0,0.0,0.0,0.109688535,0.0,0.0,0.0,0.17733629,0.0,0.0,0.0,0.0,0.0,0.0
0.0,0.0,0.0,0.0,0.0,0.109688535,0.0,0.0,0.0,0.17733629,0.0,0.0,0.0,0.0,0.0,0.0
0.0,0.0,0.0,0.0,0.0,0.109688535,0.0,0.0,0.0,0.17733629,0.0,0.0,0.0,0.0,0.0,0.0
0.0,0.0,0.0,0.0,0.0,0.109688535,0.0,0.0,0.0,0.17733629,0.0,0.0,0.0,0.0,0.0,0.0
0.0,0.0,0.0,0.0,0.0,0.109688535,0.0,0.0,0.0,0.17733629,0.0,0.0,0.0,0.0,0.0,0.0
0.0,0.0,0.0,0.0,0.0,0.109688535,0.0,0.0,0.0,0.17733629,0.0,0.0,0.0,0.0,0.0,0.0
0.0,0.0,0.0,0.0,0.0,0.109688535,0.0,0.0,0.0,0.17733629,0.0,0.0,0.0,0.0,0.0,0.0
0.0,0.0,0.0,0.0,0.0,0.109688535,0.0,0.0,0.0,0.17733629,0.0,0.0,0.0,0.0,0.0,0.0
0.0,0.0,0.0,0.0,0.0,0.109688535,0.0,0.0,0.0,0.17733629,0.0,0.0,0.0,0.0,0.0,0.0
0.0,0.0,0.0,0.0,0.0,0.109688535,0.0,0.0,0.0,0.17733629,0.0,0.0,0.0,0.0,0.0,0.0
0.0,0.0,0.0,0.0,0.0,0.109688535,0.0,0.0,0.0,0.17733629,0.0,0.0,0.0,0.0,0.0,0.0
0.0,0.0,0.0,0.0,0.0,0.109688535,0.0,0.0,0.0,0.17733629,0.0,0.0,0.0,0.0,0.0,0.0
0.0,0.0,0.0,0.0,0.0,0.109688535,0.0,0.0,0.0,0.17733629,0.0,0.0,0.0,0.0,0.0,0.0
0.0,0.0,0.0,0.0,0.0,0.109688535,0.0,0.0,0.0,0.17733629,0.0,0.0,0.0,0.0,0.0,0.0
0.0,0.0,0.0,0.0,0.0,0.109688535,0.0,0.0,0.0,0.17733629,0.0,0.0,0.0,0.0,0.0,0.0
0.0,0.0,0.0,0.0,0.0,0.109688535,0.0,0.0,0.0,0.17733629,0.0,0.0,0.0,0.0,0.0,0.0
0.0,0.0,0.0,0.0,0.0,0.109688535,0.0,0.0,0.0,0.17733629,0.0,0.0,0.0,0.0,0.0,0.0
0.0,0.0,0.0,0.0,0.0,0.109688535,0.0,0.0,0.0,0.17733629,0.0,0.0,0.0,0.0,0.0,0.0
0.0,0.0,0.0,0.0,0.0,0.109688535,0.0,0.0,0.0,0.17733629,0.0,0.0,0.0,0.0,0.0,0.0
0.0,0.0,0.0,0.0,0.0,0.109688535,0.0,0.0,0.0,0.17733629,0.0,0.0,0.0,0.0,0.0,0.0
0.0,0.0,0.0,0.0,0.0,0.109688535,0.0,0.0,0.0,0.17733629,0.0,0.0,0.0,0.0,0.0,0.0
0.0,0.0,0.0,0.0,0.0,0.109688535,0.0,0.0,0.0,0.17733629,0.0,0.0,0.0,0.0,0.0,0.0
0.0,0.0,0.0,0.0,0.0,0.109688535,0.0,0.0,0.0,0.17733629,0.0,0.0,0.0,0.0,0.0,0.0
0.0,0.0,0.0,0.0,0.0,0.109688535,0.0,0.0,0.0,0.17733629,0.0,0.0,0.0,0.0,0.0,0.0
0.0,0.0,0.0,0.0,0.0,0.109688535,0.0,0.0,0.0,0.17733629,0.0,0.0,0.0,0.0,0.0,0.0
0.0,0.0,0.0,0.0,0.0,0.109688535,0.0,0.0,0.0,0.17733629,0.0,0.0,0.0,0.0,0.0,0.0
0.0,0.0,0.0,0.0,0.0,0.109688535,0.0,0.0,0.0,0.17733629,0.0,0.0,0.0,0.0,0.0,0.0
0.0,0.0,0.0,0.0,0.0,0.109688535,0.0,0.0,0.0,0.17733629,0.0,0.0,0.0,0.0,0.0,0.0
0.0,0.0,0.0,0.0,0.0,0.109688535,0.0,0.0,0.0,0.17733629,0.0,0.0,0.0,0.0,0.0,0.0
0.0,0.0,0.0,0.0,0.0,0.109688535,0.0,0.0,0.0,0.17733629,0.0,0.0,0.0,0.0,0.0,0.0
0.0,0.0,0.0,0.0,0.0,0.109688535,0.0,0.0,0.0,0.17733629,0.0,0.0,0.0,0.0,0.0,0.0
0.0,0.0,0.0,0.0,0.0,0.109688535,0.0,0.0,0.0,0.17733629,0.0,0.0,0.0,0.0,0.0,0.0
0.0,0.0,0.0,0.0,0.0,0.109688535,0.0,0.0,0.0,0.17733629,0.0,0.0,0.0,0.0,0.0,0.0
0.0,0.0,0.0,0.0,0.0,0.109688535,0.0,0.0,0.0,0.17733629,0.0,0.0,0.0,0.0,0.0,0.0
0.0,0.0,0.0,0.0,0.0,0.109688535,0.0,0.0,0.0,0.17733629,0.0,0.0,0.0,0.0,0.0,0.0
0.0,0.0,0.0,0.0,0.0,0.109688535,0.0,0.0,0.0,0.17733629,0.0,0.0,0.0,0.0,0.0,0.0
0.0,0.0,0.0,0.0,0.0,0.109688535,0.0,0.0,0.0,0.17733629,0.0,0.0,0.0,0.0,0.0,0.0
0.0,0.0,0.0,0.0,0.0,0.109688535,0.0,0.0,0.0,0.17733629,0.0,0.0,0.0,0.0,0.0,0.0
0.0,0.0,0.0,0.0,0.0,0.109688535,0.0,0.0,0.0,0.17733629,0.0,0.0,0.0,0.0,0.0,0.0
0.0,0.0,0.0,0.0,0.0,0.109688535,0.0,0.0,0.0,0.17733629,0.0,0.0,0.0,0.0,0.0,0.0
0.0,0.0,0.0,0.0,0.0,0.109688535,0.0,0.0,0.0,0.17733629,0.0,0.0,0.0,0.0,0.0,0.0
0.0,0.0,0.0,0.0,0.0,0.109688535,0.0,0.0,0.0,0.17733629,0.0,0.0,0.0,0.0,0.0,0.0
0.0,0.0,0.0,0.0,0.0,0.109688535,0.0,0.0,0.0,0.17733629,0.0,0.0,0.0,0.0,0.0,0.0
0.0,0.0,0.0,0.0,0.0,0.109688535,0.0,0.0,0.0,0.17733629,0.0,0.0,0.0,0.0,0.0,0.0
0.0,0.0,0.0,0.0,0.0,0.109688535,0.0,0.0,0.0,0.17733629,0.0,0.0,0.0,0.0,0.0,0.0
0.0,0.0,0.0,0.0,0.0,0.109688535,0.0,0.0,0.0,0.17733629,0.0,0.0,0.0,0.0,0.0,0.0
0.0,0.0,0.0,0.0,0.0,0.109688535,0.0,0.0,0.0,0.17733629,0.0,0.0,0.0,0.0,0.0,0.0
0.0,0.0,0.0,0.0,0.0,0.109688535,0.0,0.0,0.0,0.17733629,0.0,0.0,0.0,0.0,0.0,0.0
0.0,0.0,0.0,0.0,0.0,0.109688535,0.0,0.0,0.0,0.17733629,0.0,0.0,0.0,0.0,0.0,0.0
0.0,0.0,0.0,0.0,0.0,0.109688535,0.0,0.0,0.0,0.17733629,0.0,0.0,0.0,0.0,0.0,0.0
0.0,0.0,0.0,0.0,0.0,0.109688535,0.0,0.0,0.0,0.17733629,0.0,0.0,0.0,0.0,0.0,0.0
0.0,0.0,0.0,0.0,0.0,0.109688535,0.0,0.0,0.0,0.17733629,0.0,0.0,0.0,0.0,0.0,0.0
0.0,0.0,0.0,0.0,0.0,0.109688535,0.0,0.0,0.0,0.17733629,0.0,0.0,0.0,0.0,0.0,0.0
0.0,0.0,0.0,0.0,0.0,0.109688535,0.0,0.0,0.0,0.17733629,0.0,0.0,0.0,0.0,0.0,0.0
0.0,0.0,0.0,0.0,0.0,0.109688535,0.0,0.0,0.0,0.17733629,0.0,0.0,0.0,0.0,0.0,0.0
0.0,0.0,0.0,0.0,0.0,0.109688535,0.0,0.0,0.0,0.17733629,0.0,0.0,0.0,0.0,0.0,0.0
0.0,0.0,0.0,0.0,0.0,0.109688535,0.0,0.0,0.0,0.17733629,0.0,0.0,0.0,0.0,0.0,0.0
0.0,0.0,0.0,0.0,0.0,0.109688535,0.0,0.0,0.0,0.17733629,0.0,0.0,0.0,0.0,0.0,0.0
0.0,0.0,0.0,0.0,0.0,0.109688535,0.0,0.0,0.0,0.17733629,0.0,0.0,0.0,0.0,0.0,0.0
0.0,0.0,0.0,0.0,0.0,0.109688535,0.0,0.0,0.0,0.17733629,0.0,0.0,0.0,0.0,0.0,0.0
0.0,0.0,0.0,0.0,0.0,0.109688535,0.0,0.0,0.0,0.17733629,0.0,0.0,0.0,0.0,0.0,0.0
0.0,0.0,0.0,0.0,0.0,0.109688535,0.0,0.0,0.0,0.17733629,0.0,0.0,0.0,0.0,0.0,0.0
0.0,0.0,0.0,0.0,0.0,0.109688535,0.0,0.0,0.0,0.17733629,0.0,0.0,0.0,0.0,0.0,0.0
0.0,0.0,0.0,0.0,0.0,0.109688535,0.0,0.0,0.0,0.17733629,0.0,0.0,0.0,0.0,0.0,0.0
0.0,0.0,0.0,0.0,0.0,0.109688535,0.0,0.0,0.0,0.17733629,0.0,0.0,0.0,0.0,0.0,0.0
0.0,0.0,0.0,0.0,0.0,0.109688535,0.0,0.0,0.0,0.17733629,0.0,0.0,0.0,0.0,0.0,0.0
0.0,0.0,0.0,0.0,0.0,0.109688535,0.0,0.0,0.0,0.17733629,0.0,0.0,0.0,0.0,0.0,0.0
0.0,0.0,0.0,0.0,0.0,0.109688535,0.0,0.0,0.0,0.17733629,0.0,0.0,0.0,0.0,0.0,0.0
0.0,0.0,0.0,0.0,0.0,0.109688535,0.0,0.0,0.0,0.17733629,0.0,0.0,0.0,0.0,0.0,0.0
0.0,0.0,0.0,0.0,0.0,0.109688535,0.0,0.0,0.0,0.17733629,0.0,0.0,0.0,0.0,0.0,0.0
0.0,0.0,0.0,0.0,0.0,0.109688535,0.0,0.0,0.0,0.17733629,0.0,0.0,0.0,0.0,0.0,0.0
0.0,0.0,0.0,0.0,0.0,0.109688535,0.0,0.0,0.0,0.17733629,0.0,0.0,0.0,0.0,0.0,0.0
0.0,0.0,0.0,0.0,0.0,0.109688535,0.0,0.0,0.0,0.17733629,0.0,0.0,0.0,0.0,0.0,0.0
0.0,0.0,0.0,0.0,0.0,0.109688535,0.0,0.0,0.0,0.17733629,0.0,0.0,0.0,0.0,0.0,0.0
0.0,0.0,0.0,0.0,0.0,0.109688535,0.0,0.0,0.0,0.17733629,0.0,0.0,0.0,0.0,0.0,0.0
0.0,0.0,0.0,0.0,0.0,0.109688535,0.0,0.0,0.0,0.17733629,0.0,0.0,0.0,0.0,0.0,0.0
0.0,0.0,0.0,0.0,0.0,0.109688535,0.0,0.0,0.0,0.17733629,0.0,0.0,0.0,0.0,0.0,0.0
0.0,0.0,0.0,0.0,0.0,0.109688535,0.0,0.0,0.0,0.17733629,0.0,0.0,0.0,0.0,0.0,0.0
0.0,0.0,0.0,0.0,0.0,0.109688535,0.0,0.0,0.0,0.17733629,0.0,0.0,0.0,0.0,0.0,0.0
0.0,0.0,0.0,0.0,0.0,0.109688535,0.0,0.0,0.0,0.17733629,0.0,0.0,0.0,0.0,0.0,0.0
0.0,0.0,0.0,0.0,0.0,0.109688535,0.0,0.0,0.0,0.17733629,0.0,0.0,0.0,0.0,0.0,0.0
0.0,0.0,0.0,0.0,0.0,0.109688535,0.0,0.0,0.0,0.17733629,0.0,0.0,0.0,0.0,0.0,0.0
0.0,0.0,0.0,0.0,0.0,0.109688535,0.0,0.0,0.0,0.17733629,0.0,0.0,0.0,0.0,0.0,0.0
0.0,0.0,0.0,0.0,0.0,0.109688535,0.0,0.0,0.0,0.17733629,0.0,0.0,0.0,0.0,0.0,0.0
0.0,0.0,0.0,0.0,0.0,0.109688535,0.0,0.0,0.0,0.17733629,0.0,0.0,0.0,0.0,0.0,0.0
0.0,0.0,0.0,0.0,0.0,0.109688535,0.0,0.0,0.0,0.17733629,0.0,0.0,0.0,0.0,0.0,0.0
0.0,0.0,0.0,0.0,0.0,0.109688535,0.0,0.0,0.0,0.17733629,0.0,0.0,0.0,0.0,0.0,0.0
0.0,0.0,0.0,0.0,0.0,0.109688535,0.0,0.0,0.0,0.17733629,0.0,0.0,0.0,0.0,0.0,0.0
0.0,0.0,0.0,0.0,0.0,0.109688535,0.0,0.0,0.0,0.17733629,0.0,0.0,0.0,0.0,0.0,0.0
0.0,0.0,0.0,0.0,0.0,0.109688535,0.0,0.0,0.0,0.17733629,0.0,0.0,0.0,0.0,0.0,0.0
0.0,0.0,0.0,0.0,0.0,0.109688535,0.0,0.0,0.0,0.17733629,0.0,0.0,0.0,0.0,0.0,0.0
0.0,0.0,0.0,0.0,0.0,0.109688535,0.0,0.0,0.0,0.17733629,0.0,0.0,0.0,0.0,0.0,0.0
0.0,0.0,0.0,0.0,0.0,0.109688535,0.0,0.0,0.0,0.17733629,0.0,0.0,0.0,0.0,0.0,0.0
0.0,0.0,0.0,0.0,0.0,0.109688535,0.0,0.0,0.0,0.17733629,0.0,0.0,0.0,0.0,0.0,0.0
0.0,0.0,0.0,0.0,0.0,0.109688535,0.0,0.0,0.0,0.17733629,0.0,0.0,0.0,0.0,0.0,0.0
0.0,0.0,0.0,0.0,0.0,0.109688535,0.0,0.0,0.0,0.17733629,0.0,0.0,0.0,0.0,0.0,0.0
0.0,0.0,0.0,0.0,0.0,0.109688535,0.0,0.0,0.0,0.17733629,0.0,0.0,0.0,0.0,0.0,0.0
0.0,0.0,0.0,0.0,0.0,0.109688535,0.0,0.0,0.0,0.17733629,0.0,0.0,0.0,0.0,0.0,0.0
0.0,0.0,0.0,0.0,0.0,0.109688535,0.0,0.0,0.0,0.17733629,0.0,0.0,0.0,0.0,0.0,0.0
0.0,0.0,0.0,0.0,0.0,0.109688535,0.0,0.0,0.0,0.17733629,0.0,0.0,0.0,0.0,0.0,0.0
0.0,0.0,0.0,0.0,0.0,0.109688535,0.0,0.0,0.0,0.17733629,0.0,0.0,0.0,0.0,0.0,0.0
0.0,0.0,0.0,0.0,0.0,0.109688535,0.0,0.0,0.0,0.17733629,0.0,0.0,0.0,0.0,0.0,0.0
0.0,0.0,0.0,0.0,0.0,0.109688535,0.0,0.0,0.0,0.17733629,0.0,0.0,0.0,0.0,0.0,0.0
0.0,0.0,0.0,0.0,0.0,0.109688535,0.0,0.0,0.0,0.17733629,0.0,0.0,0.0,0.0,0.0,0.0
0.0,0.0,0.0,0.0,0.0,0.109688535,0.0,0.0,0.0,0.17733629,0.0,0.0,0.0,0.0,0.0,0.0
0.0,0.0,0.0,0.0,0.0,0.109688535,0.0,0.0,0.0,0.17733629,0.0,0.0,0.0,0.0,0.0,0.0
0.0,0.0,0.0,0.0,0.0,0.109688535,0.0,0.0,0.0,0.17733629,0.0,0.0,0.0,0.0,0.0,0.0
0.0,0.0,0.0,0.0,0.0,0.109688535,0.0,0.0,0.0,0.17733629,0.0,0.0,0.0,0.0,0.0,0.0
0.0,0.0,0.0,0.0,0.0,0.109688535,0.0,0.0,0.0,0.17733629,0.0,0.0,0.0,0.0,0.0,0.0
0.0,0.0,0.0,0.0,0.0,0.109688535,0.0,0.0,0.0,0.17733629,0.0,0.0,0.0,0.0,0.0,0.0
0.0,0.0,0.0,0.0,0.0,0.109688535,0.0,0.0,0.0,0.17733629,0.0,0.0,0.0,0.0,0.0,0.0
0.0,0.0,0.0,0.0,0.0,0.109688535,0.0,0.0,0.0,0.17733629,0.0,0.0,0.0,0.0,0.0,0.0
0.0,0.0,0.0,0.0,0.0,0.109688535,0.0,0.0,0.0,0.17733629,0.0,0.0,0.0,0.0,0.0,0.0
0.0,0.0,0.0,0.0,0.0,0.109688535,0.0,0.0,0.0,0.17733629,0.0,0.0,0.0,0.0,0.0,0.0
0.0,0.0,0.0,0.0,0.0,0.109688535,0.0,0.0,0.0,0.17733629,0.0,0.0,0.0,0.0,0.0,0.0
0.0,0.0,0.0,0.0,0.0,0.109688535,0.0,0.0,0.0,0.17733629,0.0,0.0,0.0,0.0,0.0,0.0
0.0,0.0,0.0,0.0,0.0,0.109688535,0.0,0.0,0.0,0.17733629,0.0,0.0,0.0,0.0,0.0,0.0
0.0,0.0,0.0,0.0,0.0,0.109688535,0.0,0.0,0.0,0.17733629,0.0,0.0,0.0,0.0,0.0,0.0
0.0,0.0,0.0,0.0,0.0,0.109688535,0.0,0.0,0.0,0.17733629,0.0,0.0,0.0,0.0,0.0,0.0
0.0,0.0,0.0,0.0,0.0,0.109688535,0.0,0.0,0.0,0.17733629,0.0,0.0,0.0,0.0,0.0,0.0
0.0,0.0,0.0,0.0,0.0,0.109688535,0.0,0.0,0.0,0.17733629,0.0,0.0,0.0,0.0,0.0,0.0
0.0,0.0,0.0,0.0,0.0,0.109688535,0.0,0.0,0.0,0.17733629,0.0,0.0,0.0,0.0,0.0,0.0
0.0,0.0,0.0,0.0,0.0,0.109688535,0.0,0.0,0.0,0.17733629,0.0,0.0,0.0,0.0,0.0,0.0
0.0,0.0,0.0,0.0,0.0,0.109688535,0.0,0.0,0.0,0.17733629,0.0,0.0,0.0,0.0,0.0,0.0
0.0,0.0,0.0,0.0,0.0,0.109688535,0.0,0.0,0.0,0.17733629,0.0,0.0,0.0,0.0,0.0,0.0
0.0,0.0,0.0,0.0,0.0,0.109688535,0.0,0.0,0.0,0.17733629,0.0,0.0,0.0,0.0,0.0,0.0
0.0,0.0,0.0,0.0,0.0,0.109688535,0.0,0.0,0.0,0.17733629,0.0,0.0,0.0,0.0,0.0,0.0
0.0,0.0,0.0,0.0,0.0,0.109688535,0.0,0.0,0.0,0.17733629,0.0,0.0,0.0,0.0,0.0,0.0
0.0,0.0,0.0,0.0,0.0,0.109688535,0.0,0.0,0.0,0.17733629,0.0,0.0,0.0,0.0,0.0,0.0
0.0,0.0,0.0,0.0,0.0,0.109688535,0.0,0.0,0.0,0.17733629,0.0,0.0,0.0,0.0,0.0,0.0
0.0,0.0,0.0,0.0,0.0,0.109688535,0.0,0.0,0.0,0.17733629,0.0,0.0,0.0,0.0,0.0,0.0
0.0,0.0,0.0,0.0,0.0,0.109688535,0.0,0.0,0.0,0.17733629,0.0,0.0,0.0,0.0,0.0,0.0
0.0,0.0,0.0,0.0,0.0,0.109688535,0.0,0.0,0.0,0.17733629,0.0,0.0,0.0,0.0,0.0,0.0
0.0,0.0,0.0,0.0,0.0,0.10684089,0.0,0.0,0.0,0.17780373,0.0,0.0,0.0,0.0,0.0,0.0
0.0,0.0,0.0,0.0,0.0,0.10707283,0.0,0.0,0.0,0.17776565,0.0,0.0,0.0,0.0,0.0,0.0
0.0,0.0,0.0,0.0,0.0,0.10834349,0.0,0.0,0.0,0.17755707,0.0,0.0,0.0,0.0,0.0,0.0
0.0,0.0,0.0,0.0,0.0,0.106509626,0.0,0.0,0.0,0.1778581,0.0,0.0,0.0,0.0,0.0,0.0
0.0,0.0,0.0,0.0,0.0,0.09919317,0.0,0.0,0.0,0.17905906,0.0,0.0,0.0,0.0,0.0,0.0
0.0,0.0,0.0,0.0,0.0,0.106509626,0.0,0.0,0.0,0.1778581,0.0,0.0,0.0,0.0,0.0,0.0
0.0,0.0,0.0,0.0,0.0,0.10440099,0.0,0.0,0.0,0.17820422,0.0,0.0,0.0,0.0,0.0,0.0
0.0,0.0,0.0,0.0,0.0,0.107399024,0.0,0.0,0.0,0.1777121,0.0,0.0,0.0,0.0,0.0,0.0
0.0,0.0,0.0,0.0,0.0,0.106509626,0.0,0.0,0.0,0.1778581,0.0,0.0,0.0,0.0,0.0,0.0
0.0,0.0,0.0,0.0,0.0,0.10748236,0.0,0.0,0.0,0.17769842,0.0,0.0,0.0,0.0,0.0,0.0
0.0,0.0,0.0,0.0,0.0,0.109688535,0.0,0.0,0.0,0.17733629,0.0,0.0,0.0,0.0,0.0,0.0
0.0,0.0,0.0,0.0,0.0,0.10895142,0.0,0.0,0.0,0.17745729,0.0,0.0,0.0,0.0,0.0,0.0
0.0,0.0,0.0,0.0,0.0,0.105539106,0.0,0.0,0.0,0.17801741,0.0,0.0,0.0,0.0,0.0,0.0
0.0,0.0,0.0,0.0,0.0,0.106509626,0.0,0.0,0.0,0.1778581,0.0,0.0,0.0,0.0,0.0,0.0
0.0,0.0,0.0,0.0,0.0,0.106509626,0.0,0.0,0.0,0.1778581,0.0,0.0,0.0,0.0,0.0,0.0
0.0,0.0,0.0,0.0,0.0,0.10895142,0.0,0.0,0.0,0.17745729,0.0,0.0,0.0,0.0,0.0,0.0
0.0,0.0,0.0,0.0,0.0,0.106509626,0.0,0.0,0.0,0.1778581,0.0,0.0,0.0,0.0,0.0,0.0
0.0,0.0,0.0,0.0,0.0,0.106509626,0.0,0.0,0.0,0.1778581,0.0,0.0,0.0,0.0,0.0,0.0
0.0,0.0,0.0,0.0,0.0,0.10370655,0.0,0.0,0.0,0.1783182,0.0,0.0,0.0,0.0,0.0,0.0
0.0,0.0,0.0,0.0,0.0,0.10394535,0.0,0.0,0.0,0.17827901,0.0,0.0,0.0,0.0,0.0,0.0
0.0,0.0,0.0,0.0,0.0,0.10713006,0.0,0.0,0.0,0.17775625,0.0,0.0,0.0,0.0,0.0,0.0
0.0,0.0,0.0,0.0,0.0,0.106509626,0.0,0.0,0.0,0.1778581,0.0,0.0,0.0,0.0,0.0,0.0
0.0,0.0,0.0,0.0,0.0,0.10334806,0.0,0.0,0.0,0.17837705,0.0,0.0,0.0,0.0,0.0,0.0
0.0,0.0,0.0,0.0,0.0,0.106509626,0.0,0.0,0.0,0.1778581,0.0,0.0,0.0,0.0,0.0,0.0
0.0,0.0,0.0,0.0,0.0,0.106509626,0.0,0.0,0.0,0.1778581,0.0,0.0,0.0,0.0,0.0,0.0
0.0,0.0,0.0,0.0,0.0,0.106509626,0.0,0.0,0.0,0.1778581,0.0,0.0,0.0,0.0,0.0,0.0
0.0,0.0,0.0,0.0,0.0,0.106509626,0.0,0.0,0.0,0.1778581,0.0,0.0,0.0,0.0,0.0,0.0
0.0,0.0,0.0,0.0,0.0,0.10866728,0.0,0.0,0.0,0.17750393,0.0,0.0,0.0,0.0,0.0,0.0
0.0,0.0,0.0,0.0,0.0,0.104725584,0.0,0.0,0.0,0.17815094,0.0,0.0,0.0,0.0,0.0,0.0
0.0,0.0,0.0,0.0,0.0,0.106509626,0.0,0.0,0.0,0.1778581,0.0,0.0,0.0,0.0,0.0,0.0
0.0,0.0,0.0,0.0,0.0,0.10419155,0.0,0.0,0.0,0.1782386,0.0,0.0,0.0,0.0,0.0,0.0
0.0,0.0,0.0,0.0,0.0,0.10551469,0.0,0.0,0.0,0.1780214,0.0,0.0,0.0,0.0,0.0,0.0
0.0,0.0,0.0,0.0,0.0,0.106509626,0.0,0.0,0.0,0.1778581,0.0,0.0,0.0,0.0,0.0,0.0
0.0,0.0,0.0,0.0,0.0,0.10832572,0.0,0.0,0.0,0.17755999,0.0,0.0,0.0,0.0,0.0,0.0
0.0,0.0,0.0,0.0,0.0,0.10505093,0.0,0.0,0.0,0.17809753,0.0,0.0,0.0,0.0,0.0,0.0
0.0,0.0,0.0,0.0,0.0,0.10520646,0.0,0.0,0.0,0.178072,0.0,0.0,0.0,0.0,0.0,0.0
0.0,0.0,0.0,0.0,0.0,0.106509626,0.0,0.0,0.0,0.1778581,0.0,0.0,0.0,0.0,0.0,0.0
0.0,0.0,0.0,0.0,0.0,0.10532512,0.0,0.0,0.0,0.17805253,0.0,0.0,0.0,0.0,0.0,0.0
0.0,0.0,0.0,0.0,0.0,0.106509626,0.0,0.0,0.0,0.1778581,0.0,0.0,0.0,0.0,0.0,0.0
0.0,0.0,0.0,0.0,0.0,0.1076628,0.0,0.0,0.0,0.17766881,0.0,0.0,0.0,0.0,0.0,0.0
0.0,0.0,0.0,0.0,0.0,0.10626328,0.0,0.0,0.0,0.17789853,0.0,0.0,0.0,0.0,0.0,0.0
0.0,0.0,0.0,0.0,0.0,0.105739154,0.0,0.0,0.0,0.17798457,0.0,0.0,0.0,0.0,0.0,0.0
0.0,0.0,0.0,0.0,0.0,0.10156068,0.0,0.0,0.0,0.17867044,0.0,0.0,0.0,0.0,0.0,0.0
0.0,0.0,0.0,0.0,0.0,0.106509626,0.0,0.0,0.0,0.1778581,0.0,0.0,0.0,0.0,0.0,0.0
0.0,0.0,0.0,0.0,0.0,0.1048282,0.0,0.0,0.0,0.1781341,0.0,0.0,0.0,0.0,0.0,0.0
0.0,0.0,0.0,0.0,0.0,0.106509626,0.0,0.0,0.0,0.1778581,0.0,0.0,0.0,0.0,0.0,0.0
0.0,0.0,0.0,0.0,0.0,0.106509626,0.0,0.0,0.0,0.1778581,0.0,0.0,0.0,0.0,0.0,0.0
0.0,0.0,0.0,0.0,0.0,0.106509626,0.0,0.0,0.0,0.1778581,0.0,0.0,0.0,0.0,0.0,0.0
0.0,0.0,0.0,0.0,0.0,0.1084591,0.0,0.0,0.0,0.1775381,0.0,0.0,0.0,0.0,0.0,0.0
0.0,0.0,0.0,0.0,0.0,0.10884911,0.0,0.0,0.0,0.17747408,0.0,0.0,0.0,0.0,0.0,0.0
0.0,0.0,0.0,0.0,0.0,0.106509626,0.0,0.0,0.0,0.1778581,0.0,0.0,0.0,0.0,0.0,0.0
0.0,0.0,0.0,0.0,0.0,0.10742539,0.0,0.0,0.0,0.17770778,0.0,0.0,0.0,0.0,0.0,0.0
0.0,0.0,0.0,0.0,0.0,0.109688535,0.0,0.0,0.0,0.17733629,0.0,0.0,0.0,0.0,0.0,0.0
0.0,0.0,0.0,0.0,0.0,0.106509626,0.0,0.0,0.0,0.1778581,0.0,0.0,0.0,0.0,0.0,0.0
0.0,0.0,0.0,0.0,0.0,0.10677735,0.0,0.0,0.0,0.17781414,0.0,0.0,0.0,0.0,0.0,0.0
0.0,0.0,0.0,0.0,0.0,0.106509626,0.0,0.0,0.0,0.1778581,0.0,0.0,0.0,0.0,0.0,0.0
0.0,0.0,0.0,0.0,0.0,0.10534342,0.0,0.0,0.0,0.17804952,0.0,0.0,0.0,0.0,0.0,0.0
0.0,0.0,0.0,0.0,0.0,0.10513848,0.0,0.0,0.0,0.17808317,0.0,0.0,0.0,0.0,0.0,0.0
0.0,0.0,0.0,0.0,0.0,0.104598254,0.0,0.0,0.0,0.17817184,0.0,0.0,0.0,0.0,0.0,0.0
0.0,0.0,0.0,0.0,0.0,0.106509626,0.0,0.0,0.0,0.1778581,0.0,0.0,0.0,0.0,0.0,0.0
0.0,0.0,0.0,0.0,0.0,0.10682316,0.0,0.0,0.0,0.17780663,0.0,0.0,0.0,0.0,0.0,0.0
0.0,0.0,0.0,0.0,0.0,0.106509626,0.0,0.0,0.0,0.1778581,0.0,0.0,0.0,0.0,0.0,0.0
0.0,0.0,0.0,0.0,0.0,0.107873455,0.0,0.0,0.0,0.17763422,0.0,0.0,0.0,0.0,0.0,0.0
0.0,0.0,0.0,0.0,0.0,0.106509626,0.0,0.0,0.0,0.1778581,0.0,0.0,0.0,0.0,0.0,0.0
0.0,0.0,0.0,0.0,0.0,0.106509626,0.0,0.0,0.0,0.1778581,0.0,0.0,0.0,0.0,0.0,0.0
0.0,0.0,0.0,0.0,0.0,0.106509626,0.0,0.0,0.0,0.1778581,0.0,0.0,0.0,0.0,0.0,0.0
0.0,0.0,0.0,0.0,0.0,0.10385895,0.0,0.0,0.0,0.17829318,0.0,0.0,0.0,0.0,0.0,0.0
0.0,0.0,0.0,0.0,0.0,0.106509626,0.0,0.0,0.0,0.1778581,0.0,0.0,0.0,0.0,0.0,0.0
0.0,0.0,0.0,0.0,0.0,0.106509626,0.0,0.0,0.0,0.1778581,0.0,0.0,0.0,0.0,0.0,0.0
0.0,0.0,0.0,0.0,0.0,0.10370655,0.0,0.0,0.0,0.1783182,0.0,0.0,0.0,0.0,0.0,0.0
0.0,0.0,0.0,0.0,0.0,0.106509626,0.0,0.0,0.0,0.1778581,0.0,0.0,0.0,0.0,0.0,0.0
0.0,0.0,0.0,0.0,0.0,0.10408259,0.0,0.0,0.0,0.17825648,0.0,0.0,0.0,0.0,0.0,0.0
0.0,0.0,0.0,0.0,0.0,0.103431374,0.0,0.0,0.0,0.17836338,0.0,0.0,0.0,0.0,0.0,0.0
0.0,0.0,0.0,0.0,0.0,0.10895142,0.0,0.0,0.0,0.17745729,0.0,0.0,0.0,0.0,0.0,0.0
0.0,0.0,0.0,0.0,0.0,0.104700916,0.0,0.0,0.0,0.17815499,0.0,0.0,0.0,0.0,0.0,0.0
0.0,0.0,0.0,0.0,0.0,0.106509626,0.0,0.0,0.0,0.1778581,0.0,0.0,0.0,0.0,0.0,0.0
0.0,0.0,0.0,0.0,0.0,0.106509626,0.0,0.0,0.0,0.1778581,0.0,0.0,0.0,0.0,0.0,0.0
0.0,0.0,0.0,0.0,0.0,0.106509626,0.0,0.0,0.0,0.1778581,0.0,0.0,0.0,0.0,0.0,0.0
0.0,0.0,0.0,0.0,0.0,0.109688535,0.0,0.0,0.0,0.17733629,0.0,0.0,0.0,0.0,0.0,0.0
0.0,0.0,0.0,0.0,0.0,0.109688535,0.0,0.0,0.0,0.17733629,0.0,0.0,0.0,0.0,0.0,0.0
0.0,0.0,0.0,0.0,0.0,0.106509626,0.0,0.0,0.0,0.1778581,0.0,0.0,0.0,0.0,0.0,0.0
0.0,0.0,0.0,0.0,0.0,0.106509626,0.0,0.0,0.0,0.1778581,0.0,0.0,0.0,0.0,0.0,0.0
0.0,0.0,0.0,0.0,0.0,0.10437015,0.0,0.0,0.0,0.17820928,0.0,0.0,0.0,0.0,0.0,0.0
0.0,0.0,0.0,0.0,0.0,0.106509626,0.0,0.0,0.0,0.1778581,0.0,0.0,0.0,0.0,0.0,0.0
0.0,0.0,0.0,0.0,0.0,0.10166235,0.0,0.0,0.0,0.17865375,0.0,0.0,0.0,0.0,0.0,0.0
0.0,0.0,0.0,0.0,0.0,0.10829116,0.0,0.0,0.0,0.17756566,0.0,0.0,0.0,0.0,0.0,0.0
0.0,0.0,0.0,0.0,0.0,0.10895142,0.0,0.0,0.0,0.17745729,0.0,0.0,0.0,0.0,0.0,0.0
0.0,0.0,0.0,0.0,0.0,0.109688535,0.0,0.0,0.0,0.17733629,0.0,0.0,0.0,0.0,0.0,0.0
0.0,0.0,0.0,0.0,0.0,0.10809795,0.0,0.0,0.0,0.17759737,0.0,0.0,0.0,0.0,0.0,0.0
0.0,0.0,0.0,0.0,0.0,0.10674529,0.0,0.0,0.0,0.17781942,0.0,0.0,0.0,0.0,0.0,0.0
0.0,0.0,0.0,0.0,0.0,0.106509626,0.0,0.0,0.0,0.1778581,0.0,0.0,0.0,0.0,0.0,0.0
0.0,0.0,0.0,0.0,0.0,0.10609689,0.0,0.0,0.0,0.17792584,0.0,0.0,0.0,0.0,0.0,0.0
0.0,0.0,0.0,0.0,0.0,0.106509626,0.0,0.0,0.0,0.1778581,0.0,0.0,0.0,0.0,0.0,0.0
0.0,0.0,0.0,0.0,0.0,0.106509626,0.0,0.0,0.0,0.1778581,0.0,0.0,0.0,0.0,0.0,0.0
0.0,0.0,0.0,0.0,0.0,0.106509626,0.0,0.0,0.0,0.1778581,0.0,0.0,0.0,0.0,0.0,0.0
0.0,0.0,0.0,0.0,0.0,0.10430892,0.0,0.0,0.0,0.17821933,0.0,0.0,0.0,0.0,0.0,0.0
0.0,0.0,0.0,0.0,0.0,0.106509626,0.0,0.0,0.0,0.1778581,0.0,0.0,0.0,0.0,0.0,0.0
0.0,0.0,0.0,0.0,0.0,0.10272488,0.0,0.0,0.0,0.17847934,0.0,0.0,0.0,0.0,0.0,0.0
0.0,0.0,0.0,0.0,0.0,0.106509626,0.0,0.0,0.0,0.1778581,0.0,0.0,0.0,0.0,0.0,0.0
0.0,0.0,0.0,0.0,0.0,0.10895141,0.0,0.0,0.0,0.17745729,0.0,0.0,0.0,0.0,0.0,0.0
0.0,0.0,0.0,0.0,0.0,0.106509626,0.0,0.0,0.0,0.1778581,0.0,0.0,0.0,0.0,0.0,0.0
0.0,0.0,0.0,0.0,0.0,0.10440636,0.0,0.0,0.0,0.17820333,0.0,0.0,0.0,0.0,0.0,0.0
0.0,0.0,0.0,0.0,0.0,0.106509626,0.0,0.0,0.0,0.1778581,0.0,0.0,0.0,0.0,0.0,0.0
0.0,0.0,0.0,0.0,0.0,0.10093315,0.0,0.0,0.0,0.17877345,0.0,0.0,0.0,0.0,0.0,0.0
0.0,0.0,0.0,0.0,0.0,0.106587574,0.0,0.0,0.0,0.1778453,0.0,0.0,0.0,0.0,0.0,0.0
0.0,0.0,0.0,0.0,0.0,0.10710969,0.0,0.0,0.0,0.1777596,0.0,0.0,0.0,0.0,0.0,0.0
0.0,0.0,0.0,0.0,0.0,0.106509626,0.0,0.0,0.0,0.1778581,0.0,0.0,0.0,0.0,0.0,0.0
0.0,0.0,0.0,0.0,0.0,0.106509626,0.0,0.0,0.0,0.1778581,0.0,0.0,0.0,0.0,0.0,0.0
0.0,0.0,0.0,0.0,0.0,0.106509626,0.0,0.0,0.0,0.1778581,0.0,0.0,0.0,0.0,0.0,0.0
0.0,0.0,0.0,0.0,0.0,0.1060613,0.0,0.0,0.0,0.17793168,0.0,0.0,0.0,0.0,0.0,0.0
0.0,0.0,0.0,0.0,0.0,0.10535963,0.0,0.0,0.0,0.17804687,0.0,0.0,0.0,0.0,0.0,0.0
0.0,0.0,0.0,0.0,0.0,0.10895142,0.0,0.0,0.0,0.17745729,0.0,0.0,0.0,0.0,0.0,0.0
0.0,0.0,0.0,0.0,0.0,0.099970736,0.0,0.0,0.0,0.17893142,0.0,0.0,0.0,0.0,0.0,0.0
0.0,0.0,0.0,0.0,0.0,0.106509626,0.0,0.0,0.0,0.1778581,0.0,0.0,0.0,0.0,0.0,0.0
0.0,0.0,0.0,0.0,0.0,0.109688535,0.0,0.0,0.0,0.17733629,0.0,0.0,0.0,0.0,0.0,0.0
0.0,0.0,0.0,0.0,0.0,0.106509626,0.0,0.0,0.0,0.1778581,0.0,0.0,0.0,0.0,0.0,0.0
0.0,0.0,0.0,0.0,0.0,0.106333666,0.0,0.0,0.0,0.17788698,0.0,0.0,0.0,0.0,0.0,0.0
0.0,0.0,0.0,0.0,0.0,0.106509626,0.0,0.0,0.0,0.1778581,0.0,0.0,0.0,0.0,0.0,0.0
0.0,0.0,0.0,0.0,0.0,0.106509626,0.0,0.0,0.0,0.1778581,0.0,0.0,0.0,0.0,0.0,0.0
0.0,0.0,0.0,0.0,0.0,0.106509626,0.0,0.0,0.0,0.1778581,0.0,0.0,0.0,0.0,0.0,0.0
0.0,0.0,0.0,0.0,0.0,0.10833168,0.0,0.0,0.0,0.17755902,0.0,0.0,0.0,0.0,0.0,0.0
0.0,0.0,0.0,0.0,0.0,0.10450572,0.0,0.0,0.0,0.17818703,0.0,0.0,0.0,0.0,0.0,0.0
0.0,0.0,0.0,0.0,0.0,0.100779384,0.0,0.0,0.0,0.17879869,0.0,0.0,0.0,0.0,0.0,0.0
0.0,0.0,0.0,0.0,0.0,0.106509626,0.0,0.0,0.0,0.1778581,0.0,0.0,0.0,0.0,0.0,0.0
0.0,0.0,0.0,0.0,0.0,0.106509626,0.0,0.0,0.0,0.1778581,0.0,0.0,0.0,0.0,0.0,0.0
0.0,0.0,0.0,0.0,0.0,0.09683219,0.0,0.0,0.0,0.1794466,0.0,0.0,0.0,0.0,0.0,0.0
0.0,0.0,0.0,0.0,0.0,0.106509626,0.0,0.0,0.0,0.1778581,0.0,0.0,0.0,0.0,0.0,0.0
0.0,0.0,0.0,0.0,0.0,0.10425757,0.0,0.0,0.0,0.17822775,0.0,0.0,0.0,0.0,0.0,0.0
0.0,0.0,0.0,0.0,0.0,0.106509626,0.0,0.0,0.0,0.1778581,0.0,0.0,0.0,0.0,0.0,0.0
0.0,0.0,0.0,0.0,0.0,0.106509626,0.0,0.0,0.0,0.1778581,0.0,0.0,0.0,0.0,0.0,0.0
0.0,0.0,0.0,0.0,0.0,0.10923597,0.0,0.0,0.0,0.17741057,0.0,0.0,0.0,0.0,0.0,0.0
0.0,0.0,0.0,0.0,0.0,0.108457975,0.0,0.0,0.0,0.17753828,0.0,0.0,0.0,0.0,0.0,0.0
0.0,0.0,0.0,0.0,0.0,0.106509626,0.0,0.0,0.0,0.1778581,0.0,0.0,0.0,0.0,0.0,0.0
0.0,0.0,0.0,0.0,0.0,0.10735553,0.0,0.0,0.0,0.17771924,0.0,0.0,0.0,0.0,0.0,0.0
0.0,0.0,0.0,0.0,0.0,0.106509626,0.0,0.0,0.0,0.1778581,0.0,0.0,0.0,0.0,0.0,0.0
0.0,0.0,0.0,0.0,0.0,0.106509626,0.0,0.0,0.0,0.1778581,0.0,0.0,0.0,0.0,0.0,0.0
0.0,0.0,0.0,0.0,0.0,0.109688535,0.0,0.0,0.0,0.17733629,0.0,0.0,0.0,0.0,0.0,0.0
0.0,0.0,0.0,0.0,0.0,0.106509626,0.0,0.0,0.0,0.1778581,0.0,0.0,0.0,0.0,0.0,0.0
0.0,0.0,0.0,0.0,0.0,0.10895142,0.0,0.0,0.0,0.17745729,0.0,0.0,0.0,0.0,0.0,0.0
0.0,0.0,0.0,0.0,0.0,0.106509626,0.0,0.0,0.0,0.1778581,0.0,0.0,0.0,0.0,0.0,0.0
0.0,0.0,0.0,0.0,0.0,0.10799256,0.0,0.0,0.0,0.17761467,0.0,0.0,0.0,0.0,0.0,0.0
0.0,0.0,0.0,0.0,0.0,0.104028486,0.0,0.0,0.0,0.17826536,0.0,0.0,0.0,0.0,0.0,0.0
0.0,0.0,0.0,0.0,0.0,0.10710249,0.0,0.0,0.0,0.17776078,0.0,0.0,0.0,0.0,0.0,0.0
0.0,0.0,0.0,0.0,0.0,0.106509626,0.0,0.0,0.0,0.1778581,0.0,0.0,0.0,0.0,0.0,0.0
0.0,0.0,0.0,0.0,0.0,0.10541337,0.0,0.0,0.0,0.17803805,0.0,0.0,0.0,0.0,0.0,0.0
0.0,0.0,0.0,0.0,0.0,0.10895142,0.0,0.0,0.0,0.17745729,0.0,0.0,0.0,0.0,0.0,0.0
0.0,0.0,0.0,0.0,0.0,0.10722093,0.0,0.0,0.0,0.17774133,0.0,0.0,0.0,0.0,0.0,0.0
0.0,0.0,0.0,0.0,0.0,0.106509626,0.0,0.0,0.0,0.1778581,0.0,0.0,0.0,0.0,0.0,0.0
0.0,0.0,0.0,0.0,0.0,0.106509626,0.0,0.0,0.0,0.1778581,0.0,0.0,0.0,0.0,0.0,0.0
0.0,0.0,0.0,0.0,0.0,0.10500486,0.0,0.0,0.0,0.1781051,0.0,0.0,0.0,0.0,0.0,0.0
0.0,0.0,0.0,0.0,0.0,0.10436491,0.0,0.0,0.0,0.17821014,0.0,0.0,0.0,0.0,0.0,0.0
0.0,0.0,0.0,0.0,0.0,0.106509626,0.0,0.0,0.0,0.1778581,0.0,0.0,0.0,0.0,0.0,0.0
0.0,0.0,0.0,0.0,0.0,0.10895142,0.0,0.0,0.0,0.17745729,0.0,0.0,0.0,0.0,0.0,0.0
0.0,0.0,0.0,0.0,0.0,0.10777551,0.0,0.0,0.0,0.1776503,0.0,0.0,0.0,0.0,0.0,0.0
0.0,0.0,0.0,0.0,0.0,0.10472013,0.0,0.0,0.0,0.17815183,0.0,0.0,0.0,0.0,0.0,0.0
0.0,0.0,0.0,0.0,0.0,0.10245901,0.0,0.0,0.0,0.17852299,0.0,0.0,0.0,0.0,0.0,0.0
0.0,0.0,0.0,0.0,0.0,0.106509626,0.0,0.0,0.0,0.1778581,0.0,0.0,0.0,0.0,0.0,0.0
0.0,0.0,0.0,0.0,0.0,0.1032009,0.0,0.0,0.0,0.1784012,0.0,0.0,0.0,0.0,0.0,0.0
0.0,0.0,0.0,0.0,0.0,0.10692462,0.0,0.0,0.0,0.17778997,0.0,0.0,0.0,0.0,0.0,0.0
0.0,0.0,0.0,0.0,0.0,0.10847836,0.0,0.0,0.0,0.17753494,0.0,0.0,0.0,0.0,0.0,0.0
0.0,0.0,0.0,0.0,0.0,0.10731961,0.0,0.0,0.0,0.17772514,0.0,0.0,0.0,0.0,0.0,0.0
0.0,0.0,0.0,0.0,0.0,0.10562799,0.0,0.0,0.0,0.1780028,0.0,0.0,0.0,0.0,0.0,0.0
0.0,0.0,0.0,0.0,0.0,0.106509626,0.0,0.0,0.0,0.1778581,0.0,0.0,0.0,0.0,0.0,0.0
0.0,0.0,0.0,0.0,0.0,0.109688535,0.0,0.0,0.0,0.17733629,0.0,0.0,0.0,0.0,0.0,0.0
0.0,0.0,0.0,0.0,0.0,0.109688535,0.0,0.0,0.0,0.17733629,0.0,0.0,0.0,0.0,0.0,0.0
0.0,0.0,0.0,0.0,0.0,0.109688535,0.0,0.0,0.0,0.17733629,0.0,0.0,0.0,0.0,0.0,0.0
0.0,0.0,0.0,0.0,0.0,0.109688535,0.0,0.0,0.0,0.17733629,0.0,0.0,0.0,0.0,0.0,0.0
0.0,0.0,0.0,0.0,0.0,0.109688535,0.0,0.0,0.0,0.17733629,0.0,0.0,0.0,0.0,0.0,0.0
0.0,0.0,0.0,0.0,0.0,0.109688535,0.0,0.0,0.0,0.17733629,0.0,0.0,0.0,0.0,0.0,0.0
0.0,0.0,0.0,0.0,0.0,0.109688535,0.0,0.0,0.0,0.17733629,0.0,0.0,0.0,0.0,0.0,0.0
0.0,0.0,0.0,0.0,0.0,0.109688535,0.0,0.0,0.0,0.17733629,0.0,0.0,0.0,0.0,0.0,0.0
0.0,0.0,0.0,0.0,0.0,0.109688535,0.0,0.0,0.0,0.17733629,0.0,0.0,0.0,0.0,0.0,0.0
0.0,0.0,0.0,0.0,0.0,0.109688535,0.0,0.0,0.0,0.17733629,0.0,0.0,0.0,0.0,0.0,0.0
0.0,0.0,0.0,0.0,0.0,0.10835446,0.0,0.0,0.0,0.17755528,0.0,0.0,0.0,0.0,0.0,0.0
0.0,0.0,0.0,0.0,0.0,0.109688535,0.0,0.0,0.0,0.17733629,0.0,0.0,0.0,0.0,0.0,0.0
0.0,0.0,0.0,0.0,0.0,0.109688535,0.0,0.0,0.0,0.17733629,0.0,0.0,0.0,0.0,0.0,0.0
0.0,0.0,0.0,0.0,0.0,0.109688535,0.0,0.0,0.0,0.17733629,0.0,0.0,0.0,0.0,0.0,0.0
0.0,0.0,0.0,0.0,0.0,0.109688535,0.0,0.0,0.0,0.17733629,0.0,0.0,0.0,0.0,0.0,0.0
0.0,0.0,0.0,0.0,0.0,0.109688535,0.0,0.0,0.0,0.17733629,0.0,0.0,0.0,0.0,0.0,0.0
0.0,0.0,0.0,0.0,0.0,0.109688535,0.0,0.0,0.0,0.17733629,0.0,0.0,0.0,0.0,0.0,0.0
0.0,0.0,0.0,0.0,0.0,0.109688535,0.0,0.0,0.0,0.17733629,0.0,0.0,0.0,0.0,0.0,0.0
0.0,0.0,0.0,0.0,0.0,0.109688535,0.0,0.0,0.0,0.17733629,0.0,0.0,0.0,0.0,0.0,0.0
0.0,0.0,0.0,0.0,0.0,0.109688535,0.0,0.0,0.0,0.17733629,0.0,0.0,0.0,0.0,0.0,0.0
0.0,0.0,0.0,0.0,0.0,0.109688535,0.0,0.0,0.0,0.17733629,0.0,0.0,0.0,0.0,0.0,0.0
0.0,0.0,0.0,0.0,0.0,0.108779415,0.0,0.0,0.0,0.17748553,0.0,0.0,0.0,0.0,0.0,0.0
0.0,0.0,0.0,0.0,0.0,0.109688535,0.0,0.0,0.0,0.17733629,0.0,0.0,0.0,0.0,0.0,0.0
0.0,0.0,0.0,0.0,0.0,0.109688535,0.0,0.0,0.0,0.17733629,0.0,0.0,0.0,0.0,0.0,0.0
0.0,0.0,0.0,0.0,0.0,0.109688535,0.0,0.0,0.0,0.17733629,0.0,0.0,0.0,0.0,0.0,0.0
0.0,0.0,0.0,0.0,0.0,0.109688535,0.0,0.0,0.0,0.17733629,0.0,0.0,0.0,0.0,0.0,0.0
0.0,0.0,0.0,0.0,0.0,0.109688535,0.0,0.0,0.0,0.17733629,0.0,0.0,0.0,0.0,0.0,0.0
0.0,0.0,0.0,0.0,0.0,0.109688535,0.0,0.0,0.0,0.17733629,0.0,0.0,0.0,0.0,0.0,0.0
0.0,0.0,0.0,0.0,0.0,0.109688535,0.0,0.0,0.0,0.17733629,0.0,0.0,0.0,0.0,0.0,0.0
0.0,0.0,0.0,0.0,0.0,0.109688535,0.0,0.0,0.0,0.17733629,0.0,0.0,0.0,0.0,0.0,0.0
0.0,0.0,0.0,0.0,0.0,0.10794199,0.0,0.0,0.0,0.17762297,0.0,0.0,0.0,0.0,0.0,0.0
0.0,0.0,0.0,0.0,0.0,0.109688535,0.0,0.0,0.0,0.17733629,0.0,0.0,0.0,0.0,0.0,0.0
0.0,0.0,0.0,0.0,0.0,0.109688535,0.0,0.0,0.0,0.17733629,0.0,0.0,0.0,0.0,0.0,0.0
0.0,0.0,0.0,0.0,0.0,0.109688535,0.0,0.0,0.0,0.17733629,0.0,0.0,0.0,0.0,0.0,0.0
0.0,0.0,0.0,0.0,0.0,0.109688535,0.0,0.0,0.0,0.17733629,0.0,0.0,0.0,0.0,0.0,0.0
0.0,0.0,0.0,0.0,0.0,0.109688535,0.0,0.0,0.0,0.17733629,0.0,0.0,0.0,0.0,0.0,0.0
0.0,0.0,0.0,0.0,0.0,0.109688535,0.0,0.0,0.0,0.17733629,0.0,0.0,0.0,0.0,0.0,0.0
0.0,0.0,0.0,0.0,0.0,0.109688535,0.0,0.0,0.0,0.17733629,0.0,0.0,0.0,0.0,0.0,0.0
0.0,0.0,0.0,0.0,0.0,0.109688535,0.0,0.0,0.0,0.17733629,0.0,0.0,0.0,0.0,0.0,0.0
0.0,0.0,0.0,0.0,0.0,0.109688535,0.0,0.0,0.0,0.17733629,0.0,0.0,0.0,0.0,0.0,0.0
0.0,0.0,0.0,0.0,0.0,0.109688535,0.0,0.0,0.0,0.17733629,0.0,0.0,0.0,0.0,0.0,0.0
0.0,0.0,0.0,0.0,0.0,0.109688535,0.0,0.0,0.0,0.17733629,0.0,0.0,0.0,0.0,0.0,0.0
0.0,0.0,0.0,0.0,0.0,0.109688535,0.0,0.0,0.0,0.17733629,0.0,0.0,0.0,0.0,0.0,0.0
0.0,0.0,0.0,0.0,0.0,0.109688535,0.0,0.0,0.0,0.17733629,0.0,0.0,0.0,0.0,0.0,0.0
0.0,0.0,0.0,0.0,0.0,0.109688535,0.0,0.0,0.0,0.17733629,0.0,0.0,0.0,0.0,0.0,0.0
0.0,0.0,0.0,0.0,0.0,0.109688535,0.0,0.0,0.0,0.17733629,0.0,0.0,0.0,0.0,0.0,0.0
0.0,0.0,0.0,0.0,0.0,0.109688535,0.0,0.0,0.0,0.17733629,0.0,0.0,0.0,0.0,0.0,0.0
0.0,0.0,0.0,0.0,0.0,0.109688535,0.0,0.0,0.0,0.17733629,0.0,0.0,0.0,0.0,0.0,0.0
0.0,0.0,0.0,0.0,0.0,0.109688535,0.0,0.0,0.0,0.17733629,0.0,0.0,0.0,0.0,0.0,0.0
0.0,0.0,0.0,0.0,0.0,0.109688535,0.0,0.0,0.0,0.17733629,0.0,0.0,0.0,0.0,0.0,0.0
0.0,0.0,0.0,0.0,0.0,0.109688535,0.0,0.0,0.0,0.17733629,0.0,0.0,0.0,0.0,0.0,0.0
0.0,0.0,0.0,0.0,0.0,0.109688535,0.0,0.0,0.0,0.17733629,0.0,0.0,0.0,0.0,0.0,0.0
0.0,0.0,0.0,0.0,0.0,0.109688535,0.0,0.0,0.0,0.17733629,0.0,0.0,0.0,0.0,0.0,0.0
0.0,0.0,0.0,0.0,0.0,0.109688535,0.0,0.0,0.0,0.17733629,0.0,0.0,0.0,0.0,0.0,0.0
0.0,0.0,0.0,0.0,0.0,0.109688535,0.0,0.0,0.0,0.17733629,0.0,0.0,0.0,0.0,0.0,0.0
0.0,0.0,0.0,0.0,0.0,0.109688535,0.0,0.0,0.0,0.17733629,0.0,0.0,0.0,0.0,0.0,0.0
0.0,0.0,0.0,0.0,0.0,0.109688535,0.0,0.0,0.0,0.17733629,0.0,0.0,0.0,0.0,0.0,0.0
0.0,0.0,0.0,0.0,0.0,0.109688535,0.0,0.0,0.0,0.17733629,0.0,0.0,0.0,0.0,0.0,0.0
0.0,0.0,0.0,0.0,0.0,0.109688535,0.0,0.0,0.0,0.17733629,0.0,0.0,0.0,0.0,0.0,0.0
0.0,0.0,0.0,0.0,0.0,0.109688535,0.0,0.0,0.0,0.17733629,0.0,0.0,0.0,0.0,0.0,0.0
0.0,0.0,0.0,0.0,0.0,0.107747935,0.0,0.0,0.0,0.17765483,0.0,0.0,0.0,0.0,0.0,0.0
0.0,0.0,0.0,0.0,0.0,0.109688535,0.0,0.0,0.0,0.17733629,0.0,0.0,0.0,0.0,0.0,0.0
0.0,0.0,0.0,0.0,0.0,0.109688535,0.0,0.0,0.0,0.17733629,0.0,0.0,0.0,0.0,0.0,0.0
0.0,0.0,0.0,0.0,0.0,0.109688535,0.0,0.0,0.0,0.17733629,0.0,0.0,0.0,0.0,0.0,0.0
0.0,0.0,0.0,0.0,0.0,0.109688535,0.0,0.0,0.0,0.17733629,0.0,0.0,0.0,0.0,0.0,0.0
0.0,0.0,0.0,0.0,0.0,0.109688535,0.0,0.0,0.0,0.17733629,0.0,0.0,0.0,0.0,0.0,0.0
0.0,0.0,0.0,0.0,0.0,0.109688535,0.0,0.0,0.0,0.17733629,0.0,0.0,0.0,0.0,0.0,0.0
0.0,0.0,0.0,0.0,0.0,0.109688535,0.0,0.0,0.0,0.17733629,0.0,0.0,0.0,0.0,0.0,0.0
0.0,0.0,0.0,0.0,0.0,0.109688535,0.0,0.0,0.0,0.17733629,0.0,0.0,0.0,0.0,0.0,0.0
0.0,0.0,0.0,0.0,0.0,0.109688535,0.0,0.0,0.0,0.17733629,0.0,0.0,0.0,0.0,0.0,0.0
0.0,0.0,0.0,0.0,0.0,0.109688535,0.0,0.0,0.0,0.17733629,0.0,0.0,0.0,0.0,0.0,0.0
0.0,0.0,0.0,0.0,0.0,0.109688535,0.0,0.0,0.0,0.17733629,0.0,0.0,0.0,0.0,0.0,0.0
0.0,0.0,0.0,0.0,0.0,0.109688535,0.0,0.0,0.0,0.17733629,0.0,0.0,0.0,0.0,0.0,0.0
0.0,0.0,0.0,0.0,0.0,0.109688535,0.0,0.0,0.0,0.17733629,0.0,0.0,0.0,0.0,0.0,0.0
0.0,0.0,0.0,0.0,0.0,0.106635034,0.0,0.0,0.0,0.1778375,0.0,0.0,0.0,0.0,0.0,0.0
0.0,0.0,0.0,0.0,0.0,0.109688535,0.0,0.0,0.0,0.17733629,0.0,0.0,0.0,0.0,0.0,0.0
0.0,0.0,0.0,0.0,0.0,0.109688535,0.0,0.0,0.0,0.17733629,0.0,0.0,0.0,0.0,0.0,0.0
0.0,0.0,0.0,0.0,0.0,0.109688535,0.0,0.0,0.0,0.17733629,0.0,0.0,0.0,0.0,0.0,0.0
0.0,0.0,0.0,0.0,0.0,0.109688535,0.0,0.0,0.0,0.17733629,0.0,0.0,0.0,0.0,0.0,0.0
0.0,0.0,0.0,0.0,0.0,0.109688535,0.0,0.0,0.0,0.17733629,0.0,0.0,0.0,0.0,0.0,0.0
0.0,0.0,0.0,0.0,0.0,0.109688535,0.0,0.0,0.0,0.17733629,0.0,0.0,0.0,0.0,0.0,0.0
0.0,0.0,0.0,0.0,0.0,0.10709743,0.0,0.0,0.0,0.17776161,0.0,0.0,0.0,0.0,0.0,0.0
0.0,0.0,0.0,0.0,0.0,0.109688535,0.0,0.0,0.0,0.17733629,0.0,0.0,0.0,0.0,0.0,0.0
0.0,0.0,0.0,0.0,0.0,0.109688535,0.0,0.0,0.0,0.17733629,0.0,0.0,0.0,0.0,0.0,0.0
0.0,0.0,0.0,0.0,0.0,0.109688535,0.0,0.0,0.0,0.17733629,0.0,0.0,0.0,0.0,0.0,0.0
0.0,0.0,0.0,0.0,0.0,0.109688535,0.0,0.0,0.0,0.17733629,0.0,0.0,0.0,0.0,0.0,0.0
0.0,0.0,0.0,0.0,0.0,0.109688535,0.0,0.0,0.0,0.17733629,0.0,0.0,0.0,0.0,0.0,0.0
0.0,0.0,0.0,0.0,0.0,0.109688535,0.0,0.0,0.0,0.17733629,0.0,0.0,0.0,0.0,0.0,0.0
0.0,0.0,0.0,0.0,0.0,0.109688535,0.0,0.0,0.0,0.17733629,0.0,0.0,0.0,0.0,0.0,0.0
0.0,0.0,0.0,0.0,0.0,0.109688535,0.0,0.0,0.0,0.17733629,0.0,0.0,0.0,0.0,0.0,0.0
0.0,0.0,0.0,0.0,0.0,0.10943706,0.0,0.0,0.0,0.17737757,0.0,0.0,0.0,0.0,0.0,0.0
0.0,0.0,0.0,0.0,0.0,0.109688535,0.0,0.0,0.0,0.17733629,0.0,0.0,0.0,0.0,0.0,0.0
0.0,0.0,0.0,0.0,0.0,0.109688535,0.0,0.0,0.0,0.17733629,0.0,0.0,0.0,0.0,0.0,0.0
0.0,0.0,0.0,0.0,0.0,0.109688535,0.0,0.0,0.0,0.17733629,0.0,0.0,0.0,0.0,0.0,0.0
0.0,0.0,0.0,0.0,0.0,0.109688535,0.0,0.0,0.0,0.17733629,0.0,0.0,0.0,0.0,0.0,0.0
0.0,0.0,0.0,0.0,0.0,0.109688535,0.0,0.0,0.0,0.17733629,0.0,0.0,0.0,0.0,0.0,0.0
0.0,0.0,0.0,0.0,0.0,0.109688535,0.0,0.0,0.0,0.17733629,0.0,0.0,0.0,0.0,0.0,0.0
0.0,0.0,0.0,0.0,0.0,0.109688535,0.0,0.0,0.0,0.17733629,0.0,0.0,0.0,0.0,0.0,0.0
0.0,0.0,0.0,0.0,0.0,0.109688535,0.0,0.0,0.0,0.17733629,0.0,0.0,0.0,0.0,0.0,0.0
0.0,0.0,0.0,0.0,0.0,0.109688535,0.0,0.0,0.0,0.17733629,0.0,0.0,0.0,0.0,0.0,0.0
0.0,0.0,0.0,0.0,0.0,0.109688535,0.0,0.0,0.0,0.17733629,0.0,0.0,0.0,0.0,0.0,0.0
0.0,0.0,0.0,0.0,0.0,0.109688535,0.0,0.0,0.0,0.17733629,0.0,0.0,0.0,0.0,0.0,0.0
0.0,0.0,0.0,0.0,0.0,0.109688535,0.0,0.0,0.0,0.17733629,0.0,0.0,0.0,0.0,0.0,0.0
0.0,0.0,0.0,0.0,0.0,0.109688535,0.0,0.0,0.0,0.17733629,0.0,0.0,0.0,0.0,0.0,0.0
0.0,0.0,0.0,0.0,0.0,0.109688535,0.0,0.0,0.0,0.17733629,0.0,0.0,0.0,0.0,0.0,0.0
0.0,0.0,0.0,0.0,0.0,0.109688535,0.0,0.0,0.0,0.17733629,0.0,0.0,0.0,0.0,0.0,0.0
0.0,0.0,0.0,0.0,0.0,0.109688535,0.0,0.0,0.0,0.17733629,0.0,0.0,0.0,0.0,0.0,0.0
0.0,0.0,0.0,0.0,0.0,0.109688535,0.0,0.0,0.0,0.17733629,0.0,0.0,0.0,0.0,0.0,0.0
0.0,0.0,0.0,0.0,0.0,0.1048687,0.0,0.0,0.0,0.17812744,0.0,0.0,0.0,0.0,0.0,0.0
0.0,0.0,0.0,0.0,0.0,0.109688535,0.0,0.0,0.0,0.17733629,0.0,0.0,0.0,0.0,0.0,0.0
0.0,0.0,0.0,0.0,0.0,0.109688535,0.0,0.0,0.0,0.17733629,0.0,0.0,0.0,0.0,0.0,0.0
0.0,0.0,0.0,0.0,0.0,0.109688535,0.0,0.0,0.0,0.17733629,0.0,0.0,0.0,0.0,0.0,0.0
0.0,0.0,0.0,0.0,0.0,0.109688535,0.0,0.0,0.0,0.17733629,0.0,0.0,0.0,0.0,0.0,0.0
0.0,0.0,0.0,0.0,0.0,0.109688535,0.0,0.0,0.0,0.17733629,0.0,0.0,0.0,0.0,0.0,0.0
0.0,0.0,0.0,0.0,0.0,0.109688535,0.0,0.0,0.0,0.17733629,0.0,0.0,0.0,0.0,0.0,0.0
0.0,0.0,0.0,0.0,0.0,0.109688535,0.0,0.0,0.0,0.17733629,0.0,0.0,0.0,0.0,0.0,0.0
0.0,0.0,0.0,0.0,0.0,0.109688535,0.0,0.0,0.0,0.17733629,0.0,0.0,0.0,0.0,0.0,0.0
0.0,0.0,0.0,0.0,0.0,0.109688535,0.0,0.0,0.0,0.17733629,0.0,0.0,0.0,0.0,0.0,0.0
0.0,0.0,0.0,0.0,0.0,0.109688535,0.0,0.0,0.0,0.17733629,0.0,0.0,0.0,0.0,0.0,0.0
0.0,0.0,0.0,0.0,0.0,0.109688535,0.0,0.0,0.0,0.17733629,0.0,0.0,0.0,0.0,0.0,0.0
0.0,0.0,0.0,0.0,0.0,0.109688535,0.0,0.0,0.0,0.17733629,0.0,0.0,0.0,0.0,0.0,0.0
0.0,0.0,0.0,0.0,0.0,0.109688535,0.0,0.0,0.0,0.17733629,0.0,0.0,0.0,0.0,0.0,0.0
0.0,0.0,0.0,0.0,0.0,0.109688535,0.0,0.0,0.0,0.17733629,0.0,0.0,0.0,0.0,0.0,0.0
0.0,0.0,0.0,0.0,0.0,0.109688535,0.0,0.0,0.0,0.17733629,0.0,0.0,0.0,0.0,0.0,0.0
0.0,0.0,0.0,0.0,0.0,0.109688535,0.0,0.0,0.0,0.17733629,0.0,0.0,0.0,0.0,0.0,0.0
0.0,0.0,0.0,0.0,0.0,0.109688535,0.0,0.0,0.0,0.17733629,0.0,0.0,0.0,0.0,0.0,0.0
0.0,0.0,0.0,0.0,0.0,0.109688535,0.0,0.0,0.0,0.17733629,0.0,0.0,0.0,0.0,0.0,0.0
0.0,0.0,0.0,0.0,0.0,0.109688535,0.0,0.0,0.0,0.17733629,0.0,0.0,0.0,0.0,0.0,0.0
0.0,0.0,0.0,0.0,0.0,0.109688535,0.0,0.0,0.0,0.17733629,0.0,0.0,0.0,0.0,0.0,0.0
0.0,0.0,0.0,0.0,0.0,0.10787047,0.0,0.0,0.0,0.17763472,0.0,0.0,0.0,0.0,0.0,0.0
0.0,0.0,0.0,0.0,0.0,0.109688535,0.0,0.0,0.0,0.17733629,0.0,0.0,0.0,0.0,0.0,0.0
0.0,0.0,0.0,0.0,0.0,0.109688535,0.0,0.0,0.0,0.17733629,0.0,0.0,0.0,0.0,0.0,0.0
0.0,0.0,0.0,0.0,0.0,0.109688535,0.0,0.0,0.0,0.17733629,0.0,0.0,0.0,0.0,0.0,0.0
0.0,0.0,0.0,0.0,0.0,0.109688535,0.0,0.0,0.0,0.17733629,0.0,0.0,0.0,0.0,0.0,0.0
0.0,0.0,0.0,0.0,0.0,0.109688535,0.0,0.0,0.0,0.17733629,0.0,0.0,0.0,0.0,0.0,0.0
0.0,0.0,0.0,0.0,0.0,0.109688535,0.0,0.0,0.0,0.17733629,0.0,0.0,0.0,0.0,0.0,0.0
0.0,0.0,0.0,0.0,0.0,0.109688535,0.0,0.0,0.0,0.17733629,0.0,0.0,0.0,0.0,0.0,0.0
0.0,0.0,0.0,0.0,0.0,0.109688535,0.0,0.0,0.0,0.17733629,0.0,0.0,0.0,0.0,0.0,0.0
0.0,0.0,0.0,0.0,0.0,0.109688535,0.0,0.0,0.0,0.17733629,0.0,0.0,0.0,0.0,0.0,0.0
0.0,0.0,0.0,0.0,0.0,0.109688535,0.0,0.0,0.0,0.17733629,0.0,0.0,0.0,0.0,0.0,0.0
0.0,0.0,0.0,0.0,0.0,0.109688535,0.0,0.0,0.0,0.17733629,0.0,0.0,0.0,0.0,0.0,0.0
0.0,0.0,0.0,0.0,0.0,0.109688535,0.0,0.0,0.0,0.17733629,0.0,0.0,0.0,0.0,0.0,0.0
0.0,0.0,0.0,0.0,0.0,0.109688535,0.0,0.0,0.0,0.17733629,0.0,0.0,0.0,0.0,0.0,0.0
0.0,0.0,0.0,0.0,0.0,0.109688535,0.0,0.0,0.0,0.17733629,0.0,0.0,0.0,0.0,0.0,0.0
0.0,0.0,0.0,0.0,0.0,0.109688535,0.0,0.0,0.0,0.17733629,0.0,0.0,0.0,0.0,0.0,0.0
0.0,0.0,0.0,0.0,0.0,0.109688535,0.0,0.0,0.0,0.17733629,0.0,0.0,0.0,0.0,0.0,0.0
0.0,0.0,0.0,0.0,0.0,0.109688535,0.0,0.0,0.0,0.17733629,0.0,0.0,0.0,0.0,0.0,0.0
0.0,0.0,0.0,0.0,0.0,0.10960206,0.0,0.0,0.0,0.17735049,0.0,0.0,0.0,0.0,0.0,0.0
0.0,0.0,0.0,0.0,0.0,0.109688535,0.0,0.0,0.0,0.17733629,0.0,0.0,0.0,0.0,0.0,0.0
0.0,0.0,0.0,0.0,0.0,0.10966707,0.0,0.0,0.0,0.1773398,0.0,0.0,0.0,0.0,0.0,0.0
0.0,0.0,0.0,0.0,0.0,0.109688535,0.0,0.0,0.0,0.17733629,0.0,0.0,0.0,0.0,0.0,0.0
0.0,0.0,0.0,0.0,0.0,0.109688535,0.0,0.0,0.0,0.17733629,0.0,0.0,0.0,0.0,0.0,0.0
0.0,0.0,0.0,0.0,0.0,0.109688535,0.0,0.0,0.0,0.17733629,0.0,0.0,0.0,0.0,0.0,0.0
0.0,0.0,0.0,0.0,0.0,0.109688535,0.0,0.0,0.0,0.17733629,0.0,0.0,0.0,0.0,0.0,0.0
0.0,0.0,0.0,0.0,0.0,0.109688535,0.0,0.0,0.0,0.17733629,0.0,0.0,0.0,0.0,0.0,0.0
0.0,0.0,0.0,0.0,0.0,0.109688535,0.0,0.0,0.0,0.17733629,0.0,0.0,0.0,0.0,0.0,0.0
0.0,0.0,0.0,0.0,0.0,0.109688535,0.0,0.0,0.0,0.17733629,0.0,0.0,0.0,0.0,0.0,0.0
0.0,0.0,0.0,0.0,0.0,0.109688535,0.0,0.0,0.0,0.17733629,0.0,0.0,0.0,0.0,0.0,0.0
0.0,0.0,0.0,0.0,0.0,0.109688535,0.0,0.0,0.0,0.17733629,0.0,0.0,0.0,0.0,0.0,0.0
0.0,0.0,0.0,0.0,0.0,0.109688535,0.0,0.0,0.0,0.17733629,0.0,0.0,0.0,0.0,0.0,0.0
0.0,0.0,0.0,0.0,0.0,0.109688535,0.0,0.0,0.0,0.17733629,0.0,0.0,0.0,0.0,0.0,0.0
0.0,0.0,0.0,0.0,0.0,0.10705126,0.0,0.0,0.0,0.17776918,0.0,0.0,0.0,0.0,0.0,0.0
0.0,0.0,0.0,0.0,0.0,0.109688535,0.0,0.0,0.0,0.17733629,0.0,0.0,0.0,0.0,0.0,0.0
0.0,0.0,0.0,0.0,0.0,0.109688535,0.0,0.0,0.0,0.17733629,0.0,0.0,0.0,0.0,0.0,0.0
0.0,0.0,0.0,0.0,0.0,0.109688535,0.0,0.0,0.0,0.17733629,0.0,0.0,0.0,0.0,0.0,0.0
0.0,0.0,0.0,0.0,0.0,0.109688535,0.0,0.0,0.0,0.17733629,0.0,0.0,0.0,0.0,0.0,0.0
0.0,0.0,0.0,0.0,0.0,0.109688535,0.0,0.0,0.0,0.17733629,0.0,0.0,0.0,0.0,0.0,0.0
0.0,0.0,0.0,0.0,0.0,0.109688535,0.0,0.0,0.0,0.17733629,0.0,0.0,0.0,0.0,0.0,0.0
0.0,0.0,0.0,0.0,0.0,0.109688535,0.0,0.0,0.0,0.17733629,0.0,0.0,0.0,0.0,0.0,0.0
0.0,0.0,0.0,0.0,0.0,0.109688535,0.0,0.0,0.0,0.17733629,0.0,0.0,0.0,0.0,0.0,0.0
0.0,0.0,0.0,0.0,0.0,0.109688535,0.0,0.0,0.0,0.17733629,0.0,0.0,0.0,0.0,0.0,0.0
0.0,0.0,0.0,0.0,0.0,0.109688535,0.0,0.0,0.0,0.17733629,0.0,0.0,0.0,0.0,0.0,0.0
0.0,0.0,0.0,0.0,0.0,0.109688535,0.0,0.0,0.0,0.17733629,0.0,0.0,0.0,0.0,0.0,0.0
0.0,0.0,0.0,0.0,0.0,0.109688535,0.0,0.0,0.0,0.17733629,0.0,0.0,0.0,0.0,0.0,0.0
0.0,0.0,0.0,0.0,0.0,0.109688535,0.0,0.0,0.0,0.17733629,0.0,0.0,0.0,0.0,0.0,0.0
0.0,0.0,0.0,0.0,0.0,0.109688535,0.0,0.0,0.0,0.17733629,0.0,0.0,0.0,0.0,0.0,0.0
0.0,0.0,0.0,0.0,0.0,0.109688535,0.0,0.0,0.0,0.17733629,0.0,0.0,0.0,0.0,0.0,0.0
0.0,0.0,0.0,0.0,0.0,0.109688535,0.0,0.0,0.0,0.17733629,0.0,0.0,0.0,0.0,0.0,0.0
0.0,0.0,0.0,0.0,0.0,0.109688535,0.0,0.0,0.0,0.17733629,0.0,0.0,0.0,0.0,0.0,0.0
0.0,0.0,0.0,0.0,0.0,0.109688535,0.0,0.0,0.0,0.17733629,0.0,0.0,0.0,0.0,0.0,0.0
0.0,0.0,0.0,0.0,0.0,0.109688535,0.0,0.0,0.0,0.17733629,0.0,0.0,0.0,0.0,0.0,0.0
0.0,0.0,0.0,0.0,0.0,0.109688535,0.0,0.0,0.0,0.17733629,0.0,0.0,0.0,0.0,0.0,0.0
0.0,0.0,0.0,0.0,0.0,0.109688535,0.0,0.0,0.0,0.17733629,0.0,0.0,0.0,0.0,0.0,0.0
0.0,0.0,0.0,0.0,0.0,0.109688535,0.0,0.0,0.0,0.17733629,0.0,0.0,0.0,0.0,0.0,0.0
0.0,0.0,0.0,0.0,0.0,0.109688535,0.0,0.0,0.0,0.17733629,0.0,0.0,0.0,0.0,0.0,0.0
0.0,0.0,0.0,0.0,0.0,0.10967435,0.0,0.0,0.0,0.17733862,0.0,0.0,0.0,0.0,0.0,0.0
0.0,0.0,0.0,0.0,0.0,0.109688535,0.0,0.0,0.0,0.17733629,0.0,0.0,0.0,0.0,0.0,0.0
0.0,0.0,0.0,0.0,0.0,0.109688535,0.0,0.0,0.0,0.17733629,0.0,0.0,0.0,0.0,0.0,0.0
0.0,0.0,0.0,0.0,0.0,0.109688535,0.0,0.0,0.0,0.17733629,0.0,0.0,0.0,0.0,0.0,0.0
0.0,0.0,0.0,0.0,0.0,0.109688535,0.0,0.0,0.0,0.17733629,0.0,0.0,0.0,0.0,0.0,0.0
0.0,0.0,0.0,0.0,0.0,0.109688535,0.0,0.0,0.0,0.17733629,0.0,0.0,0.0,0.0,0.0,0.0
0.0,0.0,0.0,0.0,0.0,0.109688535,0.0,0.0,0.0,0.17733629,0.0,0.0,0.0,0.0,0.0,0.0
0.0,0.0,0.0,0.0,0.0,0.109688535,0.0,0.0,0.0,0.17733629,0.0,0.0,0.0,0.0,0.0,0.0
0.0,0.0,0.0,0.0,0.0,0.109688535,0.0,0.0,0.0,0.17733629,0.0,0.0,0.0,0.0,0.0,0.0
0.0,0.0,0.0,0.0,0.0,0.109688535,0.0,0.0,0.0,0.17733629,0.0,0.0,0.0,0.0,0.0,0.0
0.0,0.0,0.0,0.0,0.0,0.109688535,0.0,0.0,0.0,0.17733629,0.0,0.0,0.0,0.0,0.0,0.0
0.0,0.0,0.0,0.0,0.0,0.109688535,0.0,0.0,0.0,0.17733629,0.0,0.0,0.0,0.0,0.0,0.0
0.0,0.0,0.0,0.0,0.0,0.109688535,0.0,0.0,0.0,0.17733629,0.0,0.0,0.0,0.0,0.0,0.0
0.0,0.0,0.0,0.0,0.0,0.109688535,0.0,0.0,0.0,0.17733629,0.0,0.0,0.0,0.0,0.0,0.0
0.0,0.0,0.0,0.0,0.0,0.109688535,0.0,0.0,0.0,0.17733629,0.0,0.0,0.0,0.0,0.0,0.0
0.0,0.0,0.0,0.0,0.0,0.109688535,0.0,0.0,0.0,0.17733629,0.0,0.0,0.0,0.0,0.0,0.0
0.0,0.0,0.0,0.0,0.0,0.109688535,0.0,0.0,0.0,0.17733629,0.0,0.0,0.0,0.0,0.0,0.0
0.0,0.0,0.0,0.0,0.0,0.109688535,0.0,0.0,0.0,0.17733629,0.0,0.0,0.0,0.0,0.0,0.0
0.0,0.0,0.0,0.0,0.0,0.109688535,0.0,0.0,0.0,0.17733629,0.0,0.0,0.0,0.0,0.0,0.0
0.0,0.0,0.0,0.0,0.0,0.109688535,0.0,0.0,0.0,0.17733629,0.0,0.0,0.0,0.0,0.0,0.0
0.0,0.0,0.0,0.0,0.0,0.109688535,0.0,0.0,0.0,0.17733629,0.0,0.0,0.0,0.0,0.0,0.0
0.0,0.0,0.0,0.0,0.0,0.109688535,0.0,0.0,0.0,0.17733629,0.0,0.0,0.0,0.0,0.0,0.0
0.0,0.0,0.0,0.0,0.0,0.109688535,0.0,0.0,0.0,0.17733629,0.0,0.0,0.0,0.0,0.0,0.0
0.0,0.0,0.0,0.0,0.0,0.109688535,0.0,0.0,0.0,0.17733629,0.0,0.0,0.0,0.0,0.0,0.0
0.0,0.0,0.0,0.0,0.0,0.109688535,0.0,0.0,0.0,0.17733629,0.0,0.0,0.0,0.0,0.0,0.0
0.0,0.0,0.0,0.0,0.0,0.109688535,0.0,0.0,0.0,0.17733629,0.0,0.0,0.0,0.0,0.0,0.0
0.0,0.0,0.0,0.0,0.0,0.109688535,0.0,0.0,0.0,0.17733629,0.0,0.0,0.0,0.0,0.0,0.0
0.0,0.0,0.0,0.0,0.0,0.109688535,0.0,0.0,0.0,0.17733629,0.0,0.0,0.0,0.0,0.0,0.0
0.0,0.0,0.0,0.0,0.0,0.109688535,0.0,0.0,0.0,0.17733629,0.0,0.0,0.0,0.0,0.0,0.0
0.0,0.0,0.0,0.0,0.0,0.109688535,0.0,0.0,0.0,0.17733629,0.0,0.0,0.0,0.0,0.0,0.0
0.0,0.0,0.0,0.0,0.0,0.109688535,0.0,0.0,0.0,0.17733629,0.0,0.0,0.0,0.0,0.0,0.0
0.0,0.0,0.0,0.0,0.0,0.109688535,0.0,0.0,0.0,0.17733629,0.0,0.0,0.0,0.0,0.0,0.0
0.0,0.0,0.0,0.0,0.0,0.109688535,0.0,0.0,0.0,0.17733629,0.0,0.0,0.0,0.0,0.0,0.0
0.0,0.0,0.0,0.0,0.0,0.109688535,0.0,0.0,0.0,0.17733629,0.0,0.0,0.0,0.0,0.0,0.0
0.0,0.0,0.0,0.0,0.0,0.109688535,0.0,0.0,0.0,0.17733629,0.0,0.0,0.0,0.0,0.0,0.0
0.0,0.0,0.0,0.0,0.0,0.109688535,0.0,0.0,0.0,0.17733629,0.0,0.0,0.0,0.0,0.0,0.0
0.0,0.0,0.0,0.0,0.0,0.109688535,0.0,0.0,0.0,0.17733629,0.0,0.0,0.0,0.0,0.0,0.0
0.0,0.0,0.0,0.0,0.0,0.109688535,0.0,0.0,0.0,0.17733629,0.0,0.0,0.0,0.0,0.0,0.0
0.0,0.0,0.0,0.0,0.0,0.109688535,0.0,0.0,0.0,0.17733629,0.0,0.0,0.0,0.0,0.0,0.0
0.0,0.0,0.0,0.0,0.0,0.109688535,0.0,0.0,0.0,0.17733629,0.0,0.0,0.0,0.0,0.0,0.0
0.0,0.0,0.0,0.0,0.0,0.109688535,0.0,0.0,0.0,0.17733629,0.0,0.0,0.0,0.0,0.0,0.0
0.0,0.0,0.0,0.0,0.0,0.109688535,0.0,0.0,0.0,0.17733629,0.0,0.0,0.0,0.0,0.0,0.0
0.0,0.0,0.0,0.0,0.0,0.109688535,0.0,0.0,0.0,0.17733629,0.0,0.0,0.0,0.0,0.0,0.0
0.0,0.0,0.0,0.0,0.0,0.109688535,0.0,0.0,0.0,0.17733629,0.0,0.0,0.0,0.0,0.0,0.0
0.0,0.0,0.0,0.0,0.0,0.109688535,0.0,0.0,0.0,0.17733629,0.0,0.0,0.0,0.0,0.0,0.0
0.0,0.0,0.0,0.0,0.0,0.109688535,0.0,0.0,0.0,0.17733629,0.0,0.0,0.0,0.0,0.0,0.0
0.0,0.0,0.0,0.0,0.0,0.109688535,0.0,0.0,0.0,0.17733629,0.0,0.0,0.0,0.0,0.0,0.0
0.0,0.0,0.0,0.0,0.0,0.109688535,0.0,0.0,0.0,0.17733629,0.0,0.0,0.0,0.0,0.0,0.0
0.0,0.0,0.0,0.0,0.0,0.109688535,0.0,0.0,0.0,0.17733629,0.0,0.0,0.0,0.0,0.0,0.0
0.0,0.0,0.0,0.0,0.0,0.109688535,0.0,0.0,0.0,0.17733629,0.0,0.0,0.0,0.0,0.0,0.0
0.0,0.0,0.0,0.0,0.0,0.109688535,0.0,0.0,0.0,0.17733629,0.0,0.0,0.0,0.0,0.0,0.0
0.0,0.0,0.0,0.0,0.0,0.109688535,0.0,0.0,0.0,0.17733629,0.0,0.0,0.0,0.0,0.0,0.0
0.0,0.0,0.0,0.0,0.0,0.109688535,0.0,0.0,0.0,0.17733629,0.0,0.0,0.0,0.0,0.0,0.0
0.0,0.0,0.0,0.0,0.0,0.109688535,0.0,0.0,0.0,0.17733629,0.0,0.0,0.0,0.0,0.0,0.0
0.0,0.0,0.0,0.0,0.0,0.109688535,0.0,0.0,0.0,0.17733629,0.0,0.0,0.0,0.0,0.0,0.0
0.0,0.0,0.0,0.0,0.0,0.109688535,0.0,0.0,0.0,0.17733629,0.0,0.0,0.0,0.0,0.0,0.0
0.0,0.0,0.0,0.0,0.0,0.109688535,0.0,0.0,0.0,0.17733629,0.0,0.0,0.0,0.0,0.0,0.0
0.0,0.0,0.0,0.0,0.0,0.106581695,0.0,0.0,0.0,0.17784627,0.0,0.0,0.0,0.0,0.0,0.0
0.0,0.0,0.0,0.0,0.0,0.109688535,0.0,0.0,0.0,0.17733629,0.0,0.0,0.0,0.0,0.0,0.0
0.0,0.0,0.0,0.0,0.0,0.109688535,0.0,0.0,0.0,0.17733629,0.0,0.0,0.0,0.0,0.0,0.0
0.0,0.0,0.0,0.0,0.0,0.109688535,0.0,0.0,0.0,0.17733629,0.0,0.0,0.0,0.0,0.0,0.0
0.0,0.0,0.0,0.0,0.0,0.109688535,0.0,0.0,0.0,0.17733629,0.0,0.0,0.0,0.0,0.0,0.0
0.0,0.0,0.0,0.0,0.0,0.109688535,0.0,0.0,0.0,0.17733629,0.0,0.0,0.0,0.0,0.0,0.0
0.0,0.0,0.0,0.0,0.0,0.109688535,0.0,0.0,0.0,0.17733629,0.0,0.0,0.0,0.0,0.0,0.0
0.0,0.0,0.0,0.0,0.0,0.109688535,0.0,0.0,0.0,0.17733629,0.0,0.0,0.0,0.0,0.0,0.0
0.0,0.0,0.0,0.0,0.0,0.109688535,0.0,0.0,0.0,0.17733629,0.0,0.0,0.0,0.0,0.0,0.0
0.0,0.0,0.0,0.0,0.0,0.109688535,0.0,0.0,0.0,0.17733629,0.0,0.0,0.0,0.0,0.0,0.0
0.0,0.0,0.0,0.0,0.0,0.109688535,0.0,0.0,0.0,0.17733629,0.0,0.0,0.0,0.0,0.0,0.0
0.0,0.0,0.0,0.0,0.0,0.109688535,0.0,0.0,0.0,0.17733629,0.0,0.0,0.0,0.0,0.0,0.0
0.0,0.0,0.0,0.0,0.0,0.109688535,0.0,0.0,0.0,0.17733629,0.0,0.0,0.0,0.0,0.0,0.0
0.0,0.0,0.0,0.0,0.0,0.109688535,0.0,0.0,0.0,0.17733629,0.0,0.0,0.0,0.0,0.0,0.0
0.0,0.0,0.0,0.0,0.0,0.109688535,0.0,0.0,0.0,0.17733629,0.0,0.0,0.0,0.0,0.0,0.0
0.0,0.0,0.0,0.0,0.0,0.109688535,0.0,0.0,0.0,0.17733629,0.0,0.0,0.0,0.0,0.0,0.0
0.0,0.0,0.0,0.0,0.0,0.108781785,0.0,0.0,0.0,0.17748512,0.0,0.0,0.0,0.0,0.0,0.0
0.0,0.0,0.0,0.0,0.0,0.109688535,0.0,0.0,0.0,0.17733629,0.0,0.0,0.0,0.0,0.0,0.0
0.0,0.0,0.0,0.0,0.0,0.109688535,0.0,0.0,0.0,0.17733629,0.0,0.0,0.0,0.0,0.0,0.0
0.0,0.0,0.0,0.0,0.0,0.109688535,0.0,0.0,0.0,0.17733629,0.0,0.0,0.0,0.0,0.0,0.0
0.0,0.0,0.0,0.0,0.0,0.109688535,0.0,0.0,0.0,0.17733629,0.0,0.0,0.0,0.0,0.0,0.0
0.0,0.0,0.0,0.0,0.0,0.109688535,0.0,0.0,0.0,0.17733629,0.0,0.0,0.0,0.0,0.0,0.0
0.0,0.0,0.0,0.0,0.0,0.109688535,0.0,0.0,0.0,0.17733629,0.0,0.0,0.0,0.0,0.0,0.0
0.0,0.0,0.0,0.0,0.0,0.109688535,0.0,0.0,0.0,0.17733629,0.0,0.0,0.0,0.0,0.0,0.0
0.0,0.0,0.0,0.0,0.0,0.109688535,0.0,0.0,0.0,0.17733629,0.0,0.0,0.0,0.0,0.0,0.0
0.0,0.0,0.0,0.0,0.0,0.109688535,0.0,0.0,0.0,0.17733629,0.0,0.0,0.0,0.0,0.0,0.0
0.0,0.0,0.0,0.0,0.0,0.109688535,0.0,0.0,0.0,0.17733629,0.0,0.0,0.0,0.0,0.0,0.0
0.0,0.0,0.0,0.0,0.0,0.109688535,0.0,0.0,0.0,0.17733629,0.0,0.0,0.0,0.0,0.0,0.0
0.0,0.0,0.0,0.0,0.0,0.109688535,0.0,0.0,0.0,0.17733629,0.0,0.0,0.0,0.0,0.0,0.0
0.0,0.0,0.0,0.0,0.0,0.109688535,0.0,0.0,0.0,0.17733629,0.0,0.0,0.0,0.0,0.0,0.0
0.0,0.0,0.0,0.0,0.0,0.109688535,0.0,0.0,0.0,0.17733629,0.0,0.0,0.0,0.0,0.0,0.0
0.0,0.0,0.0,0.0,0.0,0.109688535,0.0,0.0,0.0,0.17733629,0.0,0.0,0.0,0.0,0.0,0.0
0.0,0.0,0.0,0.0,0.0,0.109688535,0.0,0.0,0.0,0.17733629,0.0,0.0,0.0,0.0,0.0,0.0
0.0,0.0,0.0,0.0,0.0,0.109688535,0.0,0.0,0.0,0.17733629,0.0,0.0,0.0,0.0,0.0,0.0
0.0,0.0,0.0,0.0,0.0,0.109688535,0.0,0.0,0.0,0.17733629,0.0,0.0,0.0,0.0,0.0,0.0
0.0,0.0,0.0,0.0,0.0,0.109688535,0.0,0.0,0.0,0.17733629,0.0,0.0,0.0,0.0,0.0,0.0
0.0,0.0,0.0,0.0,0.0,0.109688535,0.0,0.0,0.0,0.17733629,0.0,0.0,0.0,0.0,0.0,0.0
0.0,0.0,0.0,0.0,0.0,0.109688535,0.0,0.0,0.0,0.17733629,0.0,0.0,0.0,0.0,0.0,0.0
0.0,0.0,0.0,0.0,0.0,0.109688535,0.0,0.0,0.0,0.17733629,0.0,0.0,0.0,0.0,0.0,0.0
0.0,0.0,0.0,0.0,0.0,0.109688535,0.0,0.0,0.0,0.17733629,0.0,0.0,0.0,0.0,0.0,0.0
0.0,0.0,0.0,0.0,0.0,0.109688535,0.0,0.0,0.0,0.17733629,0.0,0.0,0.0,0.0,0.0,0.0
0.0,0.0,0.0,0.0,0.0,0.109688535,0.0,0.0,0.0,0.17733629,0.0,0.0,0.0,0.0,0.0,0.0
0.0,0.0,0.0,0.0,0.0,0.109688535,0.0,0.0,0.0,0.17733629,0.0,0.0,0.0,0.0,0.0,0.0
0.0,0.0,0.0,0.0,0.0,0.109688535,0.0,0.0,0.0,0.17733629,0.0,0.0,0.0,0.0,0.0,0.0
0.0,0.0,0.0,0.0,0.0,0.109688535,0.0,0.0,0.0,0.17733629,0.0,0.0,0.0,0.0,0.0,0.0
0.0,0.0,0.0,0.0,0.0,0.109688535,0.0,0.0,0.0,0.17733629,0.0,0.0,0.0,0.0,0.0,0.0
0.0,0.0,0.0,0.0,0.0,0.109688535,0.0,0.0,0.0,0.17733629,0.0,0.0,0.0,0.0,0.0,0.0
0.0,0.0,0.0,0.0,0.0,0.109688535,0.0,0.0,0.0,0.17733629,0.0,0.0,0.0,0.0,0.0,0.0
0.0,0.0,0.0,0.0,0.0,0.109688535,0.0,0.0,0.0,0.17733629,0.0,0.0,0.0,0.0,0.0,0.0
0.0,0.0,0.0,0.0,0.0,0.109688535,0.0,0.0,0.0,0.17733629,0.0,0.0,0.0,0.0,0.0,0.0
0.0,0.0,0.0,0.0,0.0,0.109688535,0.0,0.0,0.0,0.17733629,0.0,0.0,0.0,0.0,0.0,0.0
0.0,0.0,0.0,0.0,0.0,0.109688535,0.0,0.0,0.0,0.17733629,0.0,0.0,0.0,0.0,0.0,0.0
0.0,0.0,0.0,0.0,0.0,0.109688535,0.0,0.0,0.0,0.17733629,0.0,0.0,0.0,0.0,0.0,0.0
0.0,0.0,0.0,0.0,0.0,0.109688535,0.0,0.0,0.0,0.17733629,0.0,0.0,0.0,0.0,0.0,0.0
0.0,0.0,0.0,0.0,0.0,0.109688535,0.0,0.0,0.0,0.17733629,0.0,0.0,0.0,0.0,0.0,0.0
0.0,0.0,0.0,0.0,0.0,0.10841041,0.0,0.0,0.0,0.17754608,0.0,0.0,0.0,0.0,0.0,0.0
0.0,0.0,0.0,0.0,0.0,0.109688535,0.0,0.0,0.0,0.17733629,0.0,0.0,0.0,0.0,0.0,0.0
0.0,0.0,0.0,0.0,0.0,0.109688535,0.0,0.0,0.0,0.17733629,0.0,0.0,0.0,0.0,0.0,0.0
0.0,0.0,0.0,0.0,0.0,0.109688535,0.0,0.0,0.0,0.17733629,0.0,0.0,0.0,0.0,0.0,0.0
0.0,0.0,0.0,0.0,0.0,0.109688535,0.0,0.0,0.0,0.17733629,0.0,0.0,0.0,0.0,0.0,0.0
0.0,0.0,0.0,0.0,0.0,0.109688535,0.0,0.0,0.0,0.17733629,0.0,0.0,0.0,0.0,0.0,0.0
0.0,0.0,0.0,0.0,0.0,0.109688535,0.0,0.0,0.0,0.17733629,0.0,0.0,0.0,0.0,0.0,0.0
0.0,0.0,0.0,0.0,0.0,0.109688535,0.0,0.0,0.0,0.17733629,0.0,0.0,0.0,0.0,0.0,0.0
0.0,0.0,0.0,0.0,0.0,0.109688535,0.0,0.0,0.0,0.17733629,0.0,0.0,0.0,0.0,0.0,0.0
0.0,0.0,0.0,0.0,0.0,0.109688535,0.0,0.0,0.0,0.17733629,0.0,0.0,0.0,0.0,0.0,0.0
0.0,0.0,0.0,0.0,0.0,0.109688535,0.0,0.0,0.0,0.17733629,0.0,0.0,0.0,0.0,0.0,0.0
0.0,0.0,0.0,0.0,0.0,0.109688535,0.0,0.0,0.0,0.17733629,0.0,0.0,0.0,0.0,0.0,0.0
0.0,0.0,0.0,0.0,0.0,0.109688535,0.0,0.0,0.0,0.17733629,0.0,0.0,0.0,0.0,0.0,0.0
0.0,0.0,0.0,0.0,0.0,0.109688535,0.0,0.0,0.0,0.17733629,0.0,0.0,0.0,0.0,0.0,0.0
0.0,0.0,0.0,0.0,0.0,0.109688535,0.0,0.0,0.0,0.17733629,0.0,0.0,0.0,0.0,0.0,0.0
0.0,0.0,0.0,0.0,0.0,0.109688535,0.0,0.0,0.0,0.17733629,0.0,0.0,0.0,0.0,0.0,0.0
0.0,0.0,0.0,0.0,0.0,0.109688535,0.0,0.0,0.0,0.17733629,0.0,0.0,0.0,0.0,0.0,0.0
0.0,0.0,0.0,0.0,0.0,0.109688535,0.0,0.0,0.0,0.17733629,0.0,0.0,0.0,0.0,0.0,0.0
0.0,0.0,0.0,0.0,0.0,0.109688535,0.0,0.0,0.0,0.17733629,0.0,0.0,0.0,0.0,0.0,0.0
0.0,0.0,0.0,0.0,0.0,0.109688535,0.0,0.0,0.0,0.17733629,0.0,0.0,0.0,0.0,0.0,0.0
0.0,0.0,0.0,0.0,0.0,0.109688535,0.0,0.0,0.0,0.17733629,0.0,0.0,0.0,0.0,0.0,0.0
0.0,0.0,0.0,0.0,0.0,0.109688535,0.0,0.0,0.0,0.17733629,0.0,0.0,0.0,0.0,0.0,0.0
0.0,0.0,0.0,0.0,0.0,0.109688535,0.0,0.0,0.0,0.17733629,0.0,0.0,0.0,0.0,0.0,0.0
0.0,0.0,0.0,0.0,0.0,0.109688535,0.0,0.0,0.0,0.17733629,0.0,0.0,0.0,0.0,0.0,0.0
0.0,0.0,0.0,0.0,0.0,0.109688535,0.0,0.0,0.0,0.17733629,0.0,0.0,0.0,0.0,0.0,0.0
0.0,0.0,0.0,0.0,0.0,0.109688535,0.0,0.0,0.0,0.17733629,0.0,0.0,0.0,0.0,0.0,0.0
0.0,0.0,0.0,0.0,0.0,0.109688535,0.0,0.0,0.0,0.17733629,0.0,0.0,0.0,0.0,0.0,0.0
0.0,0.0,0.0,0.0,0.0,0.109688535,0.0,0.0,0.0,0.17733629,0.0,0.0,0.0,0.0,0.0,0.0
0.0,0.0,0.0,0.0,0.0,0.109688535,0.0,0.0,0.0,0.17733629,0.0,0.0,0.0,0.0,0.0,0.0
0.0,0.0,0.0,0.0,0.0,0.109688535,0.0,0.0,0.0,0.17733629,0.0,0.0,0.0,0.0,0.0,0.0
0.0,0.0,0.0,0.0,0.0,0.109688535,0.0,0.0,0.0,0.17733629,0.0,0.0,0.0,0.0,0.0,0.0
0.0,0.0,0.0,0.0,0.0,0.109688535,0.0,0.0,0.0,0.17733629,0.0,0.0,0.0,0.0,0.0,0.0
0.0,0.0,0.0,0.0,0.0,0.109688535,0.0,0.0,0.0,0.17733629,0.0,0.0,0.0,0.0,0.0,0.0
0.0,0.0,0.0,0.0,0.0,0.109688535,0.0,0.0,0.0,0.17733629,0.0,0.0,0.0,0.0,0.0,0.0
0.0,0.0,0.0,0.0,0.0,0.109688535,0.0,0.0,0.0,0.17733629,0.0,0.0,0.0,0.0,0.0,0.0
0.0,0.0,0.0,0.0,0.0,0.109688535,0.0,0.0,0.0,0.17733629,0.0,0.0,0.0,0.0,0.0,0.0
0.0,0.0,0.0,0.0,0.0,0.109688535,0.0,0.0,0.0,0.17733629,0.0,0.0,0.0,0.0,0.0,0.0
0.0,0.0,0.0,0.0,0.0,0.109688535,0.0,0.0,0.0,0.17733629,0.0,0.0,0.0,0.0,0.0,0.0
0.0,0.0,0.0,0.0,0.0,0.109688535,0.0,0.0,0.0,0.17733629,0.0,0.0,0.0,0.0,0.0,0.0
0.0,0.0,0.0,0.0,0.0,0.109688535,0.0,0.0,0.0,0.17733629,0.0,0.0,0.0,0.0,0.0,0.0
0.0,0.0,0.0,0.0,0.0,0.109688535,0.0,0.0,0.0,0.17733629,0.0,0.0,0.0,0.0,0.0,0.0
0.0,0.0,0.0,0.0,0.0,0.109688535,0.0,0.0,0.0,0.17733629,0.0,0.0,0.0,0.0,0.0,0.0
0.0,0.0,0.0,0.0,0.0,0.109688535,0.0,0.0,0.0,0.17733629,0.0,0.0,0.0,0.0,0.0,0.0
0.0,0.0,0.0,0.0,0.0,0.105457634,0.0,0.0,0.0,0.17803077,0.0,0.0,0.0,0.0,0.0,0.0
0.0,0.0,0.0,0.0,0.0,0.108474396,0.0,0.0,0.0,0.1775356,0.0,0.0,0.0,0.0,0.0,0.0
0.0,0.0,0.0,0.0,0.0,0.109234355,0.0,0.0,0.0,0.17741084,0.0,0.0,0.0,0.0,0.0,0.0
0.0,0.0,0.0,0.0,0.0,0.109688535,0.0,0.0,0.0,0.17733629,0.0,0.0,0.0,0.0,0.0,0.0
0.0,0.0,0.0,0.0,0.0,0.109688535,0.0,0.0,0.0,0.17733629,0.0,0.0,0.0,0.0,0.0,0.0
0.0,0.0,0.0,0.0,0.0,0.109446004,0.0,0.0,0.0,0.1773761,0.0,0.0,0.0,0.0,0.0,0.0
0.0,0.0,0.0,0.0,0.0,0.109688535,0.0,0.0,0.0,0.17733629,0.0,0.0,0.0,0.0,0.0,0.0
0.0,0.0,0.0,0.0,0.0,0.109688535,0.0,0.0,0.0,0.17733629,0.0,0.0,0.0,0.0,0.0,0.0
0.0,0.0,0.0,0.0,0.0,0.109688535,0.0,0.0,0.0,0.17733629,0.0,0.0,0.0,0.0,0.0,0.0
0.0,0.0,0.0,0.0,0.0,0.10960591,0.0,0.0,0.0,0.17734985,0.0,0.0,0.0,0.0,0.0,0.0
0.0,0.0,0.0,0.0,0.0,0.109688535,0.0,0.0,0.0,0.17733629,0.0,0.0,0.0,0.0,0.0,0.0
0.0,0.0,0.0,0.0,0.0,0.109688535,0.0,0.0,0.0,0.17733629,0.0,0.0,0.0,0.0,0.0,0.0
0.0,0.0,0.0,0.0,0.0,0.109688535,0.0,0.0,0.0,0.17733629,0.0,0.0,0.0,0.0,0.0,0.0
0.0,0.0,0.0,0.0,0.0,0.109688535,0.0,0.0,0.0,0.17733629,0.0,0.0,0.0,0.0,0.0,0.0
0.0,0.0,0.0,0.0,0.0,0.109688535,0.0,0.0,0.0,0.17733629,0.0,0.0,0.0,0.0,0.0,0.0
0.0,0.0,0.0,0.0,0.0,0.109688535,0.0,0.0,0.0,0.17733629,0.0,0.0,0.0,0.0,0.0,0.0
0.0,0.0,0.0,0.0,0.0,0.109688535,0.0,0.0,0.0,0.17733629,0.0,0.0,0.0,0.0,0.0,0.0
0.0,0.0,0.0,0.0,0.0,0.109688535,0.0,0.0,0.0,0.17733629,0.0,0.0,0.0,0.0,0.0,0.0
0.0,0.0,0.0,0.0,0.0,0.109688535,0.0,0.0,0.0,0.17733629,0.0,0.0,0.0,0.0,0.0,0.0
0.0,0.0,0.0,0.0,0.0,0.109688535,0.0,0.0,0.0,0.17733629,0.0,0.0,0.0,0.0,0.0,0.0
0.0,0.0,0.0,0.0,0.0,0.109688535,0.0,0.0,0.0,0.17733629,0.0,0.0,0.0,0.0,0.0,0.0
0.0,0.0,0.0,0.0,0.0,0.109688535,0.0,0.0,0.0,0.17733629,0.0,0.0,0.0,0.0,0.0,0.0
0.0,0.0,0.0,0.0,0.0,0.109688535,0.0,0.0,0.0,0.17733629,0.0,0.0,0.0,0.0,0.0,0.0
0.0,0.0,0.0,0.0,0.0,0.109688535,0.0,0.0,0.0,0.17733629,0.0,0.0,0.0,0.0,0.0,0.0
0.0,0.0,0.0,0.0,0.0,0.109688535,0.0,0.0,0.0,0.17733629,0.0,0.0,0.0,0.0,0.0,0.0
0.0,0.0,0.0,0.0,0.0,0.109688535,0.0,0.0,0.0,0.17733629,0.0,0.0,0.0,0.0,0.0,0.0
0.0,0.0,0.0,0.0,0.0,0.109688535,0.0,0.0,0.0,0.17733629,0.0,0.0,0.0,0.0,0.0,0.0
0.0,0.0,0.0,0.0,0.0,0.109688535,0.0,0.0,0.0,0.17733629,0.0,0.0,0.0,0.0,0.0,0.0
0.0,0.0,0.0,0.0,0.0,0.109688535,0.0,0.0,0.0,0.17733629,0.0,0.0,0.0,0.0,0.0,0.0
0.0,0.0,0.0,0.0,0.0,0.109688535,0.0,0.0,0.0,0.17733629,0.0,0.0,0.0,0.0,0.0,0.0
0.0,0.0,0.0,0.0,0.0,0.109688535,0.0,0.0,0.0,0.17733629,0.0,0.0,0.0,0.0,0.0,0.0
0.0,0.0,0.0,0.0,0.0,0.109688535,0.0,0.0,0.0,0.17733629,0.0,0.0,0.0,0.0,0.0,0.0
0.0,0.0,0.0,0.0,0.0,0.109688535,0.0,0.0,0.0,0.17733629,0.0,0.0,0.0,0.0,0.0,0.0
0.0,0.0,0.0,0.0,0.0,0.109688535,0.0,0.0,0.0,0.17733629,0.0,0.0,0.0,0.0,0.0,0.0
0.0,0.0,0.0,0.0,0.0,0.10885666,0.0,0.0,0.0,0.17747284,0.0,0.0,0.0,0.0,0.0,0.0
0.0,0.0,0.0,0.0,0.0,0.109688535,0.0,0.0,0.0,0.17733629,0.0,0.0,0.0,0.0,0.0,0.0
0.0,0.0,0.0,0.0,0.0,0.109688535,0.0,0.0,0.0,0.17733629,0.0,0.0,0.0,0.0,0.0,0.0
0.0,0.0,0.0,0.0,0.0,0.109688535,0.0,0.0,0.0,0.17733629,0.0,0.0,0.0,0.0,0.0,0.0
0.0,0.0,0.0,0.0,0.0,0.109688535,0.0,0.0,0.0,0.17733629,0.0,0.0,0.0,0.0,0.0,0.0
0.0,0.0,0.0,0.0,0.0,0.109688535,0.0,0.0,0.0,0.17733629,0.0,0.0,0.0,0.0,0.0,0.0
0.0,0.0,0.0,0.0,0.0,0.109688535,0.0,0.0,0.0,0.17733629,0.0,0.0,0.0,0.0,0.0,0.0
0.0,0.0,0.0,0.0,0.0,0.109688535,0.0,0.0,0.0,0.17733629,0.0,0.0,0.0,0.0,0.0,0.0
0.0,0.0,0.0,0.0,0.0,0.109688535,0.0,0.0,0.0,0.17733629,0.0,0.0,0.0,0.0,0.0,0.0
0.0,0.0,0.0,0.0,0.0,0.109688535,0.0,0.0,0.0,0.17733629,0.0,0.0,0.0,0.0,0.0,0.0
0.0,0.0,0.0,0.0,0.0,0.109688535,0.0,0.0,0.0,0.17733629,0.0,0.0,0.0,0.0,0.0,0.0
0.0,0.0,0.0,0.0,0.0,0.109688535,0.0,0.0,0.0,0.17733629,0.0,0.0,0.0,0.0,0.0,0.0
0.0,0.0,0.0,0.0,0.0,0.109688535,0.0,0.0,0.0,0.17733629,0.0,0.0,0.0,0.0,0.0,0.0
0.0,0.0,0.0,0.0,0.0,0.109688535,0.0,0.0,0.0,0.17733629,0.0,0.0,0.0,0.0,0.0,0.0
0.0,0.0,0.0,0.0,0.0,0.109688535,0.0,0.0,0.0,0.17733629,0.0,0.0,0.0,0.0,0.0,0.0
0.0,0.0,0.0,0.0,0.0,0.109688535,0.0,0.0,0.0,0.17733629,0.0,0.0,0.0,0.0,0.0,0.0
0.0,0.0,0.0,0.0,0.0,0.109688535,0.0,0.0,0.0,0.17733629,0.0,0.0,0.0,0.0,0.0,0.0
0.0,0.0,0.0,0.0,0.0,0.109688535,0.0,0.0,0.0,0.17733629,0.0,0.0,0.0,0.0,0.0,0.0
0.0,0.0,0.0,0.0,0.0,0.109688535,0.0,0.0,0.0,0.17733629,0.0,0.0,0.0,0.0,0.0,0.0
0.0,0.0,0.0,0.0,0.0,0.109688535,0.0,0.0,0.0,0.17733629,0.0,0.0,0.0,0.0,0.0,0.0
0.0,0.0,0.0,0.0,0.0,0.109688535,0.0,0.0,0.0,0.17733629,0.0,0.0,0.0,0.0,0.0,0.0
0.0,0.0,0.0,0.0,0.0,0.109688535,0.0,0.0,0.0,0.17733629,0.0,0.0,0.0,0.0,0.0,0.0
0.0,0.0,0.0,0.0,0.0,0.109688535,0.0,0.0,0.0,0.17733629,0.0,0.0,0.0,0.0,0.0,0.0
0.0,0.0,0.0,0.0,0.0,0.109688535,0.0,0.0,0.0,0.17733629,0.0,0.0,0.0,0.0,0.0,0.0
0.0,0.0,0.0,0.0,0.0,0.109688535,0.0,0.0,0.0,0.17733629,0.0,0.0,0.0,0.0,0.0,0.0
0.0,0.0,0.0,0.0,0.0,0.109688535,0.0,0.0,0.0,0.17733629,0.0,0.0,0.0,0.0,0.0,0.0
0.0,0.0,0.0,0.0,0.0,0.109688535,0.0,0.0,0.0,0.17733629,0.0,0.0,0.0,0.0,0.0,0.0
0.0,0.0,0.0,0.0,0.0,0.109688535,0.0,0.0,0.0,0.17733629,0.0,0.0,0.0,0.0,0.0,0.0
0.0,0.0,0.0,0.0,0.0,0.109688535,0.0,0.0,0.0,0.17733629,0.0,0.0,0.0,0.0,0.0,0.0
0.0,0.0,0.0,0.0,0.0,0.109688535,0.0,0.0,0.0,0.17733629,0.0,0.0,0.0,0.0,0.0,0.0
0.0,0.0,0.0,0.0,0.0,0.109688535,0.0,0.0,0.0,0.17733629,0.0,0.0,0.0,0.0,0.0,0.0
0.0,0.0,0.0,0.0,0.0,0.109688535,0.0,0.0,0.0,0.17733629,0.0,0.0,0.0,0.0,0.0,0.0
0.0,0.0,0.0,0.0,0.0,0.109688535,0.0,0.0,0.0,0.17733629,0.0,0.0,0.0,0.0,0.0,0.0
0.0,0.0,0.0,0.0,0.0,0.109688535,0.0,0.0,0.0,0.17733629,0.0,0.0,0.0,0.0,0.0,0.0
0.0,0.0,0.0,0.0,0.0,0.109688535,0.0,0.0,0.0,0.17733629,0.0,0.0,0.0,0.0,0.0,0.0
0.0,0.0,0.0,0.0,0.0,0.109688535,0.0,0.0,0.0,0.17733629,0.0,0.0,0.0,0.0,0.0,0.0
0.0,0.0,0.0,0.0,0.0,0.109688535,0.0,0.0,0.0,0.17733629,0.0,0.0,0.0,0.0,0.0,0.0
0.0,0.0,0.0,0.0,0.0,0.109688535,0.0,0.0,0.0,0.17733629,0.0,0.0,0.0,0.0,0.0,0.0
0.0,0.0,0.0,0.0,0.0,0.109688535,0.0,0.0,0.0,0.17733629,0.0,0.0,0.0,0.0,0.0,0.0
0.0,0.0,0.0,0.0,0.0,0.109688535,0.0,0.0,0.0,0.17733629,0.0,0.0,0.0,0.0,0.0,0.0
0.0,0.0,0.0,0.0,0.0,0.109688535,0.0,0.0,0.0,0.17733629,0.0,0.0,0.0,0.0,0.0,0.0
0.0,0.0,0.0,0.0,0.0,0.109688535,0.0,0.0,0.0,0.17733629,0.0,0.0,0.0,0.0,0.0,0.0
0.0,0.0,0.0,0.0,0.0,0.109688535,0.0,0.0,0.0,0.17733629,0.0,0.0,0.0,0.0,0.0,0.0
0.0,0.0,0.0,0.0,0.0,0.109688535,0.0,0.0,0.0,0.17733629,0.0,0.0,0.0,0.0,0.0,0.0
0.0,0.0,0.0,0.0,0.0,0.109688535,0.0,0.0,0.0,0.17733629,0.0,0.0,0.0,0.0,0.0,0.0
0.0,0.0,0.0,0.0,0.0,0.109688535,0.0,0.0,0.0,0.17733629,0.0,0.0,0.0,0.0,0.0,0.0
0.0,0.0,0.0,0.0,0.0,0.109688535,0.0,0.0,0.0,0.17733629,0.0,0.0,0.0,0.0,0.0,0.0
0.0,0.0,0.0,0.0,0.0,0.109688535,0.0,0.0,0.0,0.17733629,0.0,0.0,0.0,0.0,0.0,0.0
0.0,0.0,0.0,0.0,0.0,0.109688535,0.0,0.0,0.0,0.17733629,0.0,0.0,0.0,0.0,0.0,0.0
0.0,0.0,0.0,0.0,0.0,0.109688535,0.0,0.0,0.0,0.17733629,0.0,0.0,0.0,0.0,0.0,0.0
0.0,0.0,0.0,0.0,0.0,0.109688535,0.0,0.0,0.0,0.17733629,0.0,0.0,0.0,0.0,0.0,0.0
0.0,0.0,0.0,0.0,0.0,0.109688535,0.0,0.0,0.0,0.17733629,0.0,0.0,0.0,0.0,0.0,0.0
0.0,0.0,0.0,0.0,0.0,0.109688535,0.0,0.0,0.0,0.17733629,0.0,0.0,0.0,0.0,0.0,0.0
0.0,0.0,0.0,0.0,0.0,0.109688535,0.0,0.0,0.0,0.17733629,0.0,0.0,0.0,0.0,0.0,0.0
0.0,0.0,0.0,0.0,0.0,0.109688535,0.0,0.0,0.0,0.17733629,0.0,0.0,0.0,0.0,0.0,0.0
0.0,0.0,0.0,0.0,0.0,0.109688535,0.0,0.0,0.0,0.17733629,0.0,0.0,0.0,0.0,0.0,0.0
0.0,0.0,0.0,0.0,0.0,0.109688535,0.0,0.0,0.0,0.17733629,0.0,0.0,0.0,0.0,0.0,0.0
0.0,0.0,0.0,0.0,0.0,0.109688535,0.0,0.0,0.0,0.17733629,0.0,0.0,0.0,0.0,0.0,0.0
0.0,0.0,0.0,0.0,0.0,0.109688535,0.0,0.0,0.0,0.17733629,0.0,0.0,0.0,0.0,0.0,0.0
0.0,0.0,0.0,0.0,0.0,0.109688535,0.0,0.0,0.0,0.17733629,0.0,0.0,0.0,0.0,0.0,0.0
0.0,0.0,0.0,0.0,0.0,0.109688535,0.0,0.0,0.0,0.17733629,0.0,0.0,0.0,0.0,0.0,0.0
0.0,0.0,0.0,0.0,0.0,0.109688535,0.0,0.0,0.0,0.17733629,0.0,0.0,0.0,0.0,0.0,0.0
0.0,0.0,0.0,0.0,0.0,0.109688535,0.0,0.0,0.0,0.17733629,0.0,0.0,0.0,0.0,0.0,0.0
0.0,0.0,0.0,0.0,0.0,0.109688535,0.0,0.0,0.0,0.17733629,0.0,0.0,0.0,0.0,0.0,0.0
0.0,0.0,0.0,0.0,0.0,0.109688535,0.0,0.0,0.0,0.17733629,0.0,0.0,0.0,0.0,0.0,0.0
0.0,0.0,0.0,0.0,0.0,0.109688535,0.0,0.0,0.0,0.17733629,0.0,0.0,0.0,0.0,0.0,0.0
0.0,0.0,0.0,0.0,0.0,0.109688535,0.0,0.0,0.0,0.17733629,0.0,0.0,0.0,0.0,0.0,0.0
0.0,0.0,0.0,0.0,0.0,0.109688535,0.0,0.0,0.0,0.17733629,0.0,0.0,0.0,0.0,0.0,0.0
0.0,0.0,0.0,0.0,0.0,0.109688535,0.0,0.0,0.0,0.17733629,0.0,0.0,0.0,0.0,0.0,0.0
0.0,0.0,0.0,0.0,0.0,0.109688535,0.0,0.0,0.0,0.17733629,0.0,0.0,0.0,0.0,0.0,0.0
0.0,0.0,0.0,0.0,0.0,0.109688535,0.0,0.0,0.0,0.17733629,0.0,0.0,0.0,0.0,0.0,0.0
0.0,0.0,0.0,0.0,0.0,0.109688535,0.0,0.0,0.0,0.17733629,0.0,0.0,0.0,0.0,0.0,0.0
0.0,0.0,0.0,0.0,0.0,0.109688535,0.0,0.0,0.0,0.17733629,0.0,0.0,0.0,0.0,0.0,0.0
0.0,0.0,0.0,0.0,0.0,0.109688535,0.0,0.0,0.0,0.17733629,0.0,0.0,0.0,0.0,0.0,0.0
0.0,0.0,0.0,0.0,0.0,0.109688535,0.0,0.0,0.0,0.17733629,0.0,0.0,0.0,0.0,0.0,0.0
0.0,0.0,0.0,0.0,0.0,0.109688535,0.0,0.0,0.0,0.17733629,0.0,0.0,0.0,0.0,0.0,0.0
0.0,0.0,0.0,0.0,0.0,0.109688535,0.0,0.0,0.0,0.17733629,0.0,0.0,0.0,0.0,0.0,0.0
0.0,0.0,0.0,0.0,0.0,0.109688535,0.0,0.0,0.0,0.17733629,0.0,0.0,0.0,0.0,0.0,0.0
0.0,0.0,0.0,0.0,0.0,0.109688535,0.0,0.0,0.0,0.17733629,0.0,0.0,0.0,0.0,0.0,0.0
0.0,0.0,0.0,0.0,0.0,0.109688535,0.0,0.0,0.0,0.17733629,0.0,0.0,0.0,0.0,0.0,0.0
0.0,0.0,0.0,0.0,0.0,0.109688535,0.0,0.0,0.0,0.17733629,0.0,0.0,0.0,0.0,0.0,0.0
0.0,0.0,0.0,0.0,0.0,0.109688535,0.0,0.0,0.0,0.17733629,0.0,0.0,0.0,0.0,0.0,0.0
0.0,0.0,0.0,0.0,0.0,0.109688535,0.0,0.0,0.0,0.17733629,0.0,0.0,0.0,0.0,0.0,0.0
0.0,0.0,0.0,0.0,0.0,0.109688535,0.0,0.0,0.0,0.17733629,0.0,0.0,0.0,0.0,0.0,0.0
0.0,0.0,0.0,0.0,0.0,0.109688535,0.0,0.0,0.0,0.17733629,0.0,0.0,0.0,0.0,0.0,0.0
0.0,0.0,0.0,0.0,0.0,0.109688535,0.0,0.0,0.0,0.17733629,0.0,0.0,0.0,0.0,0.0,0.0
0.0,0.0,0.0,0.0,0.0,0.109688535,0.0,0.0,0.0,0.17733629,0.0,0.0,0.0,0.0,0.0,0.0
0.0,0.0,0.0,0.0,0.0,0.109688535,0.0,0.0,0.0,0.17733629,0.0,0.0,0.0,0.0,0.0,0.0
0.0,0.0,0.0,0.0,0.0,0.109688535,0.0,0.0,0.0,0.17733629,0.0,0.0,0.0,0.0,0.0,0.0
0.0,0.0,0.0,0.0,0.0,0.109688535,0.0,0.0,0.0,0.17733629,0.0,0.0,0.0,0.0,0.0,0.0
0.0,0.0,0.0,0.0,0.0,0.109688535,0.0,0.0,0.0,0.17733629,0.0,0.0,0.0,0.0,0.0,0.0
0.0,0.0,0.0,0.0,0.0,0.109688535,0.0,0.0,0.0,0.17733629,0.0,0.0,0.0,0.0,0.0,0.0
0.0,0.0,0.0,0.0,0.0,0.109688535,0.0,0.0,0.0,0.17733629,0.0,0.0,0.0,0.0,0.0,0.0
0.0,0.0,0.0,0.0,0.0,0.109688535,0.0,0.0,0.0,0.17733629,0.0,0.0,0.0,0.0,0.0,0.0
0.0,0.0,0.0,0.0,0.0,0.109688535,0.0,0.0,0.0,0.17733629,0.0,0.0,0.0,0.0,0.0,0.0
0.0,0.0,0.0,0.0,0.0,0.109688535,0.0,0.0,0.0,0.17733629,0.0,0.0,0.0,0.0,0.0,0.0
0.0,0.0,0.0,0.0,0.0,0.109688535,0.0,0.0,0.0,0.17733629,0.0,0.0,0.0,0.0,0.0,0.0
0.0,0.0,0.0,0.0,0.0,0.109688535,0.0,0.0,0.0,0.17733629,0.0,0.0,0.0,0.0,0.0,0.0
0.0,0.0,0.0,0.0,0.0,0.109688535,0.0,0.0,0.0,0.17733629,0.0,0.0,0.0,0.0,0.0,0.0
0.0,0.0,0.0,0.0,0.0,0.109688535,0.0,0.0,0.0,0.17733629,0.0,0.0,0.0,0.0,0.0,0.0
0.0,0.0,0.0,0.0,0.0,0.109688535,0.0,0.0,0.0,0.17733629,0.0,0.0,0.0,0.0,0.0,0.0
0.0,0.0,0.0,0.0,0.0,0.109688535,0.0,0.0,0.0,0.17733629,0.0,0.0,0.0,0.0,0.0,0.0
0.0,0.0,0.0,0.0,0.0,0.109688535,0.0,0.0,0.0,0.17733629,0.0,0.0,0.0,0.0,0.0,0.0
0.0,0.0,0.0,0.0,0.0,0.109688535,0.0,0.0,0.0,0.17733629,0.0,0.0,0.0,0.0,0.0,0.0
0.0,0.0,0.0,0.0,0.0,0.109688535,0.0,0.0,0.0,0.17733629,0.0,0.0,0.0,0.0,0.0,0.0
0.0,0.0,0.0,0.0,0.0,0.109688535,0.0,0.0,0.0,0.17733629,0.0,0.0,0.0,0.0,0.0,0.0
0.0,0.0,0.0,0.0,0.0,0.109688535,0.0,0.0,0.0,0.17733629,0.0,0.0,0.0,0.0,0.0,0.0
0.0,0.0,0.0,0.0,0.0,0.109688535,0.0,0.0,0.0,0.17733629,0.0,0.0,0.0,0.0,0.0,0.0
0.0,0.0,0.0,0.0,0.0,0.109688535,0.0,0.0,0.0,0.17733629,0.0,0.0,0.0,0.0,0.0,0.0
0.0,0.0,0.0,0.0,0.0,0.109688535,0.0,0.0,0.0,0.17733629,0.0,0.0,0.0,0.0,0.0,0.0
0.0,0.0,0.0,0.0,0.0,0.109688535,0.0,0.0,0.0,0.17733629,0.0,0.0,0.0,0.0,0.0,0.0
0.0,0.0,0.0,0.0,0.0,0.109688535,0.0,0.0,0.0,0.17733629,0.0,0.0,0.0,0.0,0.0,0.0
0.0,0.0,0.0,0.0,0.0,0.109688535,0.0,0.0,0.0,0.17733629,0.0,0.0,0.0,0.0,0.0,0.0
0.0,0.0,0.0,0.0,0.0,0.109688535,0.0,0.0,0.0,0.17733629,0.0,0.0,0.0,0.0,0.0,0.0
0.0,0.0,0.0,0.0,0.0,0.109688535,0.0,0.0,0.0,0.17733629,0.0,0.0,0.0,0.0,0.0,0.0
0.0,0.0,0.0,0.0,0.0,0.109688535,0.0,0.0,0.0,0.17733629,0.0,0.0,0.0,0.0,0.0,0.0
0.0,0.0,0.0,0.0,0.0,0.109688535,0.0,0.0,0.0,0.17733629,0.0,0.0,0.0,0.0,0.0,0.0
0.0,0.0,0.0,0.0,0.0,0.109688535,0.0,0.0,0.0,0.17733629,0.0,0.0,0.0,0.0,0.0,0.0
0.0,0.0,0.0,0.0,0.0,0.109688535,0.0,0.0,0.0,0.17733629,0.0,0.0,0.0,0.0,0.0,0.0
0.0,0.0,0.0,0.0,0.0,0.109688535,0.0,0.0,0.0,0.17733629,0.0,0.0,0.0,0.0,0.0,0.0
0.0,0.0,0.0,0.0,0.0,0.109688535,0.0,0.0,0.0,0.17733629,0.0,0.0,0.0,0.0,0.0,0.0
0.0,0.0,0.0,0.0,0.0,0.109688535,0.0,0.0,0.0,0.17733629,0.0,0.0,0.0,0.0,0.0,0.0
0.0,0.0,0.0,0.0,0.0,0.109688535,0.0,0.0,0.0,0.17733629,0.0,0.0,0.0,0.0,0.0,0.0
0.0,0.0,0.0,0.0,0.0,0.109688535,0.0,0.0,0.0,0.17733629,0.0,0.0,0.0,0.0,0.0,0.0
0.0,0.0,0.0,0.0,0.0,0.109688535,0.0,0.0,0.0,0.17733629,0.0,0.0,0.0,0.0,0.0,0.0
0.0,0.0,0.0,0.0,0.0,0.109688535,0.0,0.0,0.0,0.17733629,0.0,0.0,0.0,0.0,0.0,0.0
0.0,0.0,0.0,0.0,0.0,0.109688535,0.0,0.0,0.0,0.17733629,0.0,0.0,0.0,0.0,0.0,0.0
0.0,0.0,0.0,0.0,0.0,0.109688535,0.0,0.0,0.0,0.17733629,0.0,0.0,0.0,0.0,0.0,0.0
0.0,0.0,0.0,0.0,0.0,0.109688535,0.0,0.0,0.0,0.17733629,0.0,0.0,0.0,0.0,0.0,0.0
0.0,0.0,0.0,0.0,0.0,0.109688535,0.0,0.0,0.0,0.17733629,0.0,0.0,0.0,0.0,0.0,0.0
0.0,0.0,0.0,0.0,0.0,0.109688535,0.0,0.0,0.0,0.17733629,0.0,0.0,0.0,0.0,0.0,0.0
0.0,0.0,0.0,0.0,0.0,0.109688535,0.0,0.0,0.0,0.17733629,0.0,0.0,0.0,0.0,0.0,0.0
0.0,0.0,0.0,0.0,0.0,0.109688535,0.0,0.0,0.0,0.17733629,0.0,0.0,0.0,0.0,0.0,0.0
0.0,0.0,0.0,0.0,0.0,0.109688535,0.0,0.0,0.0,0.17733629,0.0,0.0,0.0,0.0,0.0,0.0
0.0,0.0,0.0,0.0,0.0,0.109688535,0.0,0.0,0.0,0.17733629,0.0,0.0,0.0,0.0,0.0,0.0
0.0,0.0,0.0,0.0,0.0,0.109688535,0.0,0.0,0.0,0.17733629,0.0,0.0,0.0,0.0,0.0,0.0
0.0,0.0,0.0,0.0,0.0,0.109688535,0.0,0.0,0.0,0.17733629,0.0,0.0,0.0,0.0,0.0,0.0
0.0,0.0,0.0,0.0,0.0,0.109688535,0.0,0.0,0.0,0.17733629,0.0,0.0,0.0,0.0,0.0,0.0
0.0,0.0,0.0,0.0,0.0,0.109688535,0.0,0.0,0.0,0.17733629,0.0,0.0,0.0,0.0,0.0,0.0
0.0,0.0,0.0,0.0,0.0,0.109688535,0.0,0.0,0.0,0.17733629,0.0,0.0,0.0,0.0,0.0,0.0
0.0,0.0,0.0,0.0,0.0,0.109688535,0.0,0.0,0.0,0.17733629,0.0,0.0,0.0,0.0,0.0,0.0
0.0,0.0,0.0,0.0,0.0,0.109688535,0.0,0.0,0.0,0.17733629,0.0,0.0,0.0,0.0,0.0,0.0
0.0,0.0,0.0,0.0,0.0,0.109688535,0.0,0.0,0.0,0.17733629,0.0,0.0,0.0,0.0,0.0,0.0
0.0,0.0,0.0,0.0,0.0,0.109688535,0.0,0.0,0.0,0.17733629,0.0,0.0,0.0,0.0,0.0,0.0
0.0,0.0,0.0,0.0,0.0,0.109688535,0.0,0.0,0.0,0.17733629,0.0,0.0,0.0,0.0,0.0,0.0
0.0,0.0,0.0,0.0,0.0,0.109688535,0.0,0.0,0.0,0.17733629,0.0,0.0,0.0,0.0,0.0,0.0
0.0,0.0,0.0,0.0,0.0,0.109688535,0.0,0.0,0.0,0.17733629,0.0,0.0,0.0,0.0,0.0,0.0
0.0,0.0,0.0,0.0,0.0,0.109688535,0.0,0.0,0.0,0.17733629,0.0,0.0,0.0,0.0,0.0,0.0
0.0,0.0,0.0,0.0,0.0,0.109688535,0.0,0.0,0.0,0.17733629,0.0,0.0,0.0,0.0,0.0,0.0
